timestamp,is_hot_day,true,op_24h
2019-01-05 00:00:00,1,7167.1,8290.03
2019-01-05 00:30:00,1,7035.65,8034.84
2019-01-05 01:00:00,1,6848.31,7761.82
2019-01-05 01:30:00,1,6637.07,7408.12
2019-01-05 02:00:00,1,6419.42,7128.09
2019-01-05 02:30:00,1,6267.94,6963.91
2019-01-05 03:00:00,1,6130.99,6845.49
2019-01-05 03:30:00,1,6100.32,6774.13
2019-01-05 04:00:00,1,6109.83,6751.04
2019-01-05 12:30:00,1,7033.63,9933.02
2019-01-05 13:00:00,1,7002.94,10051.06
2019-01-05 13:30:00,1,6964.46,10022.18
2019-01-05 14:00:00,1,6938.9,10020.72
2019-01-05 14:30:00,1,6965.53,10114.21
2019-01-05 15:00:00,1,7035.77,10130.44
2019-01-05 15:30:00,1,7132.81,10071.08
2019-01-05 16:00:00,1,7226.6,10051.59
2019-01-05 16:30:00,1,7351.81,9863.66
2019-01-05 17:00:00,1,7467.28,9775.55
2019-01-05 17:30:00,1,7623.78,9605.91
2019-01-05 18:00:00,1,7697.45,9520.01
2019-01-05 18:30:00,1,7713.06,9233.25
2019-01-05 19:00:00,1,7674.71,8952.47
2019-01-05 19:30:00,1,7637.19,8840.21
2019-01-05 20:00:00,1,7599.95,8798.5
2019-01-05 20:30:00,1,7610.28,8728.63
2019-01-05 21:00:00,1,7510.9,8553.12
2019-01-05 21:30:00,1,7359.6,8481.02
2019-01-05 22:00:00,1,7255.04,8268.63
2019-01-05 22:30:00,1,7133.64,7979.16
2019-01-05 23:00:00,1,7065.02,7710.93
2019-01-05 23:30:00,1,6875.52,7475.08
2019-01-12 00:00:00,1,7838.54,7676.29
2019-01-12 00:30:00,1,7617.34,7471.04
2019-01-12 01:00:00,1,7315.74,7217.83
2019-01-12 01:30:00,1,7111.84,6890.48
2019-01-12 02:00:00,1,6876.22,6654.45
2019-01-12 02:30:00,1,6706.41,6490.45
2019-01-12 03:00:00,1,6535.3,6402.74
2019-01-12 03:30:00,1,6428.54,6366.71
2019-01-12 04:00:00,1,6398.75,6351.37
2019-01-12 12:30:00,1,7898.09,9357.76
2019-01-12 13:00:00,1,7925.9,9570.85
2019-01-12 13:30:00,1,8013.52,9738.04
2019-01-12 14:00:00,1,8095.45,9929.42
2019-01-12 14:30:00,1,8197.51,10152.0
2019-01-12 15:00:00,1,8386.5,10295.12
2019-01-12 15:30:00,1,8501.42,10447.11
2019-01-12 16:00:00,1,8665.46,10506.25
2019-01-12 16:30:00,1,8754.99,10600.9
2019-01-12 17:00:00,1,8826.32,10698.01
2019-01-12 17:30:00,1,8932.79,10606.61
2019-01-12 18:00:00,1,8913.8,10428.49
2019-01-12 18:30:00,1,8937.67,10239.32
2019-01-12 19:00:00,1,8845.79,9993.36
2019-01-12 19:30:00,1,8719.72,9860.55
2019-01-12 20:00:00,1,8650.99,9759.56
2019-01-12 20:30:00,1,8733.56,9593.52
2019-01-12 21:00:00,1,8647.17,9325.55
2019-01-12 21:30:00,1,8399.07,9049.82
2019-01-12 22:00:00,1,8176.33,8746.17
2019-01-12 22:30:00,1,8001.24,8440.46
2019-01-12 23:00:00,1,7841.91,8158.9
2019-01-12 23:30:00,1,7555.85,7843.49
2019-01-16 00:00:00,1,8703.93,8200.1
2019-01-16 00:30:00,1,8438.42,8022.94
2019-01-16 01:00:00,1,8172.21,7798.87
2019-01-16 01:30:00,1,7925.98,7505.85
2019-01-16 02:00:00,1,7636.51,7286.9
2019-01-16 02:30:00,1,7500.15,7116.81
2019-01-16 03:00:00,1,7392.84,7050.73
2019-01-16 03:30:00,1,7308.73,7017.39
2019-01-16 04:00:00,1,7302.44,7018.79
2019-01-16 12:30:00,1,11680.11,11862.22
2019-01-16 13:00:00,1,11912.16,12098.2
2019-01-16 13:30:00,1,12130.35,12307.84
2019-01-16 14:00:00,1,12340.81,12523.47
2019-01-16 14:30:00,1,12581.62,12724.38
2019-01-16 15:00:00,1,12668.56,12925.99
2019-01-16 15:30:00,1,12870.55,13098.01
2019-01-16 16:00:00,1,13093.84,13204.32
2019-01-16 16:30:00,1,13377.47,13220.52
2019-01-16 17:00:00,1,13475.75,13133.56
2019-01-16 17:30:00,1,13545.39,12826.61
2019-01-16 18:00:00,1,13364.15,12502.82
2019-01-16 18:30:00,1,13208.83,12186.34
2019-01-16 19:00:00,1,12779.16,11848.83
2019-01-16 19:30:00,1,12289.81,11532.35
2019-01-16 20:00:00,1,12095.24,11221.69
2019-01-16 20:30:00,1,11809.57,10910.82
2019-01-16 21:00:00,1,11383.02,10449.31
2019-01-16 21:30:00,1,10809.48,10035.36
2019-01-16 22:00:00,1,10454.1,9593.24
2019-01-16 22:30:00,1,9956.41,9281.23
2019-01-16 23:00:00,1,9573.57,8880.85
2019-01-16 23:30:00,1,9247.37,8559.61
2019-01-17 00:00:00,1,8935.03,8310.9
2019-01-17 00:30:00,1,8660.91,8088.62
2019-01-17 01:00:00,1,8362.13,7858.73
2019-01-17 01:30:00,1,8110.52,7599.59
2019-01-17 02:00:00,1,7804.5,7370.97
2019-01-17 02:30:00,1,7620.26,7243.72
2019-01-17 03:00:00,1,7448.81,7173.11
2019-01-17 03:30:00,1,7417.7,7146.43
2019-01-17 04:00:00,1,7405.34,7152.89
2019-01-17 12:30:00,1,11596.91,12059.39
2019-01-17 13:00:00,1,11881.87,12310.11
2019-01-17 13:30:00,1,12098.17,12531.38
2019-01-17 14:00:00,1,12275.58,12764.22
2019-01-17 14:30:00,1,12515.35,12995.62
2019-01-17 15:00:00,1,12780.55,13295.37
2019-01-17 15:30:00,1,12976.16,13492.56
2019-01-17 16:00:00,1,13096.69,13737.39
2019-01-17 16:30:00,1,13249.45,13818.79
2019-01-17 17:00:00,1,13267.43,13769.41
2019-01-17 17:30:00,1,13301.42,13453.43
2019-01-17 18:00:00,1,13120.67,13108.01
2019-01-17 18:30:00,1,12984.96,12694.57
2019-01-17 19:00:00,1,12680.21,12240.78
2019-01-17 19:30:00,1,12380.26,11920.45
2019-01-17 20:00:00,1,12190.71,11627.22
2019-01-17 20:30:00,1,12022.12,11019.8
2019-01-17 21:00:00,1,11736.28,10593.17
2019-01-17 21:30:00,1,11343.09,10224.41
2019-01-17 22:00:00,1,11068.88,9795.87
2019-01-17 22:30:00,1,10781.16,9406.55
2019-01-17 23:00:00,1,10412.6,8976.64
2019-01-17 23:30:00,1,9859.5,8655.83
2019-01-18 00:00:00,1,9433.01,8399.41
2019-01-18 00:30:00,1,9034.41,8199.69
2019-01-18 01:00:00,1,8644.4,7991.05
2019-01-18 01:30:00,1,8342.84,7739.61
2019-01-18 02:00:00,1,7940.15,7516.72
2019-01-18 02:30:00,1,7732.31,7353.59
2019-01-18 03:00:00,1,7490.97,7289.96
2019-01-18 03:30:00,1,7449.54,7251.47
2019-01-18 04:00:00,1,7402.12,7272.24
2019-01-18 12:30:00,1,9171.67,12461.71
2019-01-18 13:00:00,1,9238.08,12716.23
2019-01-18 13:30:00,1,9157.38,12896.12
2019-01-18 14:00:00,1,9079.01,13163.15
2019-01-18 14:30:00,1,8978.66,13412.77
2019-01-18 15:00:00,1,9016.07,13727.34
2019-01-18 15:30:00,1,9053.28,13947.46
2019-01-18 16:00:00,1,9101.69,13861.07
2019-01-18 16:30:00,1,9129.51,13902.22
2019-01-18 17:00:00,1,9082.08,13847.15
2019-01-18 17:30:00,1,9073.33,13687.03
2019-01-18 18:00:00,1,9001.92,13188.25
2019-01-18 18:30:00,1,8978.24,12635.16
2019-01-18 19:00:00,1,8918.3,12199.38
2019-01-18 19:30:00,1,8787.61,11867.81
2019-01-18 20:00:00,1,8701.23,11617.63
2019-01-18 20:30:00,1,8669.36,11373.58
2019-01-18 21:00:00,1,8525.38,10887.4
2019-01-18 21:30:00,1,8352.71,10647.32
2019-01-18 22:00:00,1,8164.23,10232.78
2019-01-18 22:30:00,1,8071.86,9820.18
2019-01-18 23:00:00,1,7955.88,9458.15
2019-01-18 23:30:00,1,7772.33,9103.67
2019-01-22 00:00:00,1,8521.02,7889.66
2019-01-22 00:30:00,1,8320.19,7690.76
2019-01-22 01:00:00,1,8067.36,7518.68
2019-01-22 01:30:00,1,7770.02,7266.46
2019-01-22 02:00:00,1,7466.78,7072.75
2019-01-22 02:30:00,1,7325.48,6928.89
2019-01-22 03:00:00,1,7142.52,6843.67
2019-01-22 03:30:00,1,7037.81,6825.43
2019-01-22 04:00:00,1,7085.13,6853.96
2019-01-22 12:30:00,1,11130.14,11067.23
2019-01-22 13:00:00,1,11201.5,11300.87
2019-01-22 13:30:00,1,11284.68,11556.16
2019-01-22 14:00:00,1,11268.11,11796.81
2019-01-22 14:30:00,1,11271.21,12052.16
2019-01-22 15:00:00,1,11108.28,12323.86
2019-01-22 15:30:00,1,10920.22,12521.43
2019-01-22 16:00:00,1,10756.29,12683.78
2019-01-22 16:30:00,1,10715.66,12827.31
2019-01-22 17:00:00,1,10583.92,12802.29
2019-01-22 17:30:00,1,10515.85,12595.05
2019-01-22 18:00:00,1,10172.81,12394.64
2019-01-22 18:30:00,1,10114.88,12112.18
2019-01-22 19:00:00,1,9888.74,11724.34
2019-01-22 19:30:00,1,9712.23,11471.19
2019-01-22 20:00:00,1,9665.29,11027.5
2019-01-22 20:30:00,1,9584.98,10769.44
2019-01-22 21:00:00,1,9357.02,10359.33
2019-01-22 21:30:00,1,9002.49,9997.65
2019-01-22 22:00:00,1,8812.05,9601.92
2019-01-22 22:30:00,1,8542.83,9211.98
2019-01-22 23:00:00,1,8469.37,8826.53
2019-01-22 23:30:00,1,8334.13,8557.26
2019-01-25 00:00:00,1,9230.24,7826.14
2019-01-25 00:30:00,1,8959.53,7678.54
2019-01-25 01:00:00,1,8572.27,7488.75
2019-01-25 01:30:00,1,8251.83,7237.1
2019-01-25 02:00:00,1,7930.4,7014.3
2019-01-25 02:30:00,1,7625.08,6887.93
2019-01-25 03:00:00,1,7523.3,6810.0
2019-01-25 03:30:00,1,7376.68,6791.84
2019-01-25 04:00:00,1,7330.69,6849.2
2019-01-25 12:30:00,1,11214.65,10797.02
2019-01-25 13:00:00,1,11233.03,10988.56
2019-01-25 13:30:00,1,11274.68,11197.84
2019-01-25 14:00:00,1,11315.56,11442.11
2019-01-25 14:30:00,1,11431.08,11652.66
2019-01-25 15:00:00,1,11462.05,11899.67
2019-01-25 15:30:00,1,11613.09,12087.71
2019-01-25 16:00:00,1,11700.39,12269.73
2019-01-25 16:30:00,1,11771.98,12385.29
2019-01-25 17:00:00,1,11694.02,12440.08
2019-01-25 17:30:00,1,11617.11,12446.98
2019-01-25 18:00:00,1,11522.4,12260.57
2019-01-25 18:30:00,1,11306.54,12073.75
2019-01-25 19:00:00,1,11178.16,11667.09
2019-01-25 19:30:00,1,10932.26,11372.18
2019-01-25 20:00:00,1,10854.07,11051.85
2019-01-25 20:30:00,1,10704.43,10826.39
2019-01-25 21:00:00,1,10409.09,10430.41
2019-01-25 21:30:00,1,10133.49,10195.91
2019-01-25 22:00:00,1,9830.57,9846.87
2019-01-25 22:30:00,1,9560.38,9523.97
2019-01-25 23:00:00,1,9268.64,9161.45
2019-01-25 23:30:00,1,8841.45,8854.45
2019-01-26 00:00:00,1,8558.31,8567.15
2019-01-26 00:30:00,1,8205.08,8311.73
2019-01-26 01:00:00,1,7980.93,8020.99
2019-01-26 01:30:00,1,7800.81,7680.17
2019-01-26 02:00:00,1,7481.26,7420.87
2019-01-26 02:30:00,1,7246.94,7238.4
2019-01-26 03:00:00,1,7222.72,7123.81
2019-01-26 03:30:00,1,7139.92,7060.82
2019-01-26 04:00:00,1,7020.82,7039.46
2019-01-26 12:30:00,1,10371.14,11163.01
2019-01-26 13:00:00,1,10549.65,11266.39
2019-01-26 13:30:00,1,10579.43,11402.48
2019-01-26 14:00:00,1,10621.34,11496.7
2019-01-26 14:30:00,1,10656.11,11622.86
2019-01-26 15:00:00,1,10669.73,11751.09
2019-01-26 15:30:00,1,10732.39,12089.43
2019-01-26 16:00:00,1,10777.77,12151.5
2019-01-26 16:30:00,1,10678.78,12125.51
2019-01-26 17:00:00,1,10325.07,12180.8
2019-01-26 17:30:00,1,10265.15,12115.16
2019-01-26 18:00:00,1,10129.34,11956.01
2019-01-26 18:30:00,1,9985.34,11719.12
2019-01-26 19:00:00,1,9766.98,11399.06
2019-01-26 19:30:00,1,9616.99,11158.58
2019-01-26 20:00:00,1,9589.64,10916.03
2019-01-26 20:30:00,1,9516.59,10618.2
2019-01-26 21:00:00,1,9294.01,10308.67
2019-01-26 21:30:00,1,9124.03,10001.32
2019-01-26 22:00:00,1,8931.91,9722.16
2019-01-26 22:30:00,1,8669.72,9370.59
2019-01-26 23:00:00,1,8529.53,8972.44
2019-01-26 23:30:00,1,8245.44,8609.01
2019-01-27 00:00:00,1,7958.25,8329.28
2019-01-27 00:30:00,1,7763.86,8088.21
2019-01-27 01:00:00,1,7542.3,7823.8
2019-01-27 01:30:00,1,7384.44,7468.12
2019-01-27 02:00:00,1,7100.11,7229.88
2019-01-27 02:30:00,1,6942.61,7107.92
2019-01-27 03:00:00,1,6861.79,7062.89
2019-01-27 03:30:00,1,6759.28,7034.03
2019-01-27 04:00:00,1,6758.72,6991.12
2019-01-27 12:30:00,1,8932.09,10657.26
2019-01-27 13:00:00,1,9012.64,10767.15
2019-01-27 13:30:00,1,9174.0,10802.96
2019-01-27 14:00:00,1,9311.5,10861.43
2019-01-27 14:30:00,1,9437.63,10882.64
2019-01-27 15:00:00,1,9538.92,10947.18
2019-01-27 15:30:00,1,9645.17,10938.62
2019-01-27 16:00:00,1,9797.07,10952.75
2019-01-27 16:30:00,1,9900.39,10810.02
2019-01-27 17:00:00,1,10035.87,10922.06
2019-01-27 17:30:00,1,10181.53,10878.8
2019-01-27 18:00:00,1,10032.42,10752.18
2019-01-27 18:30:00,1,9873.99,10506.06
2019-01-27 19:00:00,1,9730.6,10327.39
2019-01-27 19:30:00,1,9599.71,10265.84
2019-01-27 20:00:00,1,9595.79,10116.93
2019-01-27 20:30:00,1,9458.2,9878.07
2019-01-27 21:00:00,1,9267.2,9597.85
2019-01-27 21:30:00,1,9075.49,9305.88
2019-01-27 22:00:00,1,8899.61,9010.34
2019-01-27 22:30:00,1,8658.52,8745.04
2019-01-27 23:00:00,1,8499.22,8397.65
2019-01-27 23:30:00,1,8261.88,8114.86
2019-01-29 00:00:00,1,8544.63,7837.99
2019-01-29 00:30:00,1,8330.48,7662.65
2019-01-29 01:00:00,1,8116.18,7484.65
2019-01-29 01:30:00,1,7866.53,7235.38
2019-01-29 02:00:00,1,7614.39,7046.43
2019-01-29 02:30:00,1,7352.3,6905.44
2019-01-29 03:00:00,1,7206.91,6841.79
2019-01-29 03:30:00,1,7099.81,6848.89
2019-01-29 04:00:00,1,7157.93,6901.68
2019-01-29 12:30:00,1,11122.86,10977.61
2019-01-29 13:00:00,1,11276.04,11194.12
2019-01-29 13:30:00,1,11632.12,11310.42
2019-01-29 14:00:00,1,11686.26,11491.87
2019-01-29 14:30:00,1,11715.13,11689.1
2019-01-29 15:00:00,1,11780.92,11956.43
2019-01-29 15:30:00,1,11899.53,12154.41
2019-01-29 16:00:00,1,12208.95,12272.19
2019-01-29 16:30:00,1,12369.34,12329.7
2019-01-29 17:00:00,1,12228.83,12330.4
2019-01-29 17:30:00,1,12252.69,12190.95
2019-01-29 18:00:00,1,12004.28,12067.6
2019-01-29 18:30:00,1,11921.19,11788.03
2019-01-29 19:00:00,1,11649.07,11493.13
2019-01-29 19:30:00,1,11440.62,11305.14
2019-01-29 20:00:00,1,11298.74,11133.32
2019-01-29 20:30:00,1,11091.36,10835.07
2019-01-29 21:00:00,1,10784.07,10368.64
2019-01-29 21:30:00,1,10349.6,10035.55
2019-01-29 22:00:00,1,9989.79,9659.42
2019-01-29 22:30:00,1,9537.1,9297.02
2019-01-29 23:00:00,1,9206.15,8950.54
2019-01-29 23:30:00,1,8910.11,8648.4
2019-01-30 00:00:00,1,8502.88,8386.38
2019-01-30 00:30:00,1,8246.14,8173.89
2019-01-30 01:00:00,1,7995.66,7959.07
2019-01-30 01:30:00,1,7780.72,7688.54
2019-01-30 02:00:00,1,7435.8,7484.06
2019-01-30 02:30:00,1,7234.96,7316.92
2019-01-30 03:00:00,1,7131.98,7243.89
2019-01-30 03:30:00,1,7047.88,7250.35
2019-01-30 04:00:00,1,7101.5,7290.9
2019-01-30 12:30:00,1,11345.58,11485.92
2019-01-30 13:00:00,1,11555.76,11740.05
2019-01-30 13:30:00,1,11966.23,11978.28
2019-01-30 14:00:00,1,12210.65,12167.0
2019-01-30 14:30:00,1,12450.94,12345.68
2019-01-30 15:00:00,1,12658.02,12551.42
2019-01-30 15:30:00,1,13043.68,12751.85
2019-01-30 16:00:00,1,13388.48,12881.2
2019-01-30 16:30:00,1,13638.66,12925.14
2019-01-30 17:00:00,1,13700.9,12851.92
2019-01-30 17:30:00,1,13607.67,12597.55
2019-01-30 18:00:00,1,12853.58,12306.97
2019-01-30 18:30:00,1,12115.24,12006.55
2019-01-30 19:00:00,1,11422.04,11678.25
2019-01-30 19:30:00,1,10889.16,11512.1
2019-01-30 20:00:00,1,10430.67,11284.66
2019-01-30 20:30:00,1,10151.35,11001.47
2019-01-30 21:00:00,1,9639.91,10571.01
2019-01-30 21:30:00,1,9156.11,10224.57
2019-01-30 22:00:00,1,8898.25,9774.19
2019-01-30 22:30:00,1,8584.26,9439.54
2019-01-30 23:00:00,1,8351.58,9059.71
2019-01-30 23:30:00,1,8060.04,8745.54
2019-01-31 00:00:00,1,7803.95,8467.75
2019-01-31 00:30:00,1,7621.71,8244.65
2019-01-31 01:00:00,1,7453.57,8006.52
2019-01-31 01:30:00,1,7213.22,7768.59
2019-01-31 02:00:00,1,6961.2,7567.13
2019-01-31 02:30:00,1,6768.1,7403.37
2019-01-31 03:00:00,1,6616.2,7275.6
2019-01-31 03:30:00,1,6597.62,7258.5
2019-01-31 04:00:00,1,6597.79,7276.92
2019-01-31 12:30:00,1,8573.57,11491.38
2019-01-31 13:00:00,1,8485.96,11710.39
2019-01-31 13:30:00,1,8462.54,11999.55
2019-01-31 14:00:00,1,8462.72,12278.64
2019-01-31 14:30:00,1,8517.07,12543.74
2019-01-31 15:00:00,1,8475.9,12827.75
2019-01-31 15:30:00,1,8559.97,13006.46
2019-01-31 16:00:00,1,8596.51,13206.52
2019-01-31 16:30:00,1,8650.59,13279.07
2019-01-31 17:00:00,1,8635.59,13101.16
2019-01-31 17:30:00,1,8627.13,12737.89
2019-01-31 18:00:00,1,8499.8,12437.25
2019-01-31 18:30:00,1,8477.41,11878.58
2019-01-31 19:00:00,1,8404.57,11215.93
2019-01-31 19:30:00,1,8378.98,10841.04
2019-01-31 20:00:00,1,8348.17,10569.83
2019-01-31 20:30:00,1,8309.86,10097.28
2019-01-31 21:00:00,1,8057.78,9684.55
2019-01-31 21:30:00,1,7919.62,9438.17
2019-01-31 22:00:00,1,7921.78,9055.9
2019-01-31 22:30:00,1,7778.22,8802.86
2019-01-31 23:00:00,1,7753.57,8468.47
2019-01-31 23:30:00,1,7596.27,8143.55
2019-02-04 00:00:00,1,8331.52,7384.7
2019-02-04 00:30:00,1,8161.55,7170.57
2019-02-04 01:00:00,1,7859.04,6982.49
2019-02-04 01:30:00,1,7624.02,6725.48
2019-02-04 02:00:00,1,7386.03,6577.59
2019-02-04 02:30:00,1,7066.05,6485.14
2019-02-04 03:00:00,1,6995.29,6475.8
2019-02-04 03:30:00,1,6882.17,6514.38
2019-02-04 04:00:00,1,6880.01,6613.6
2019-02-04 12:30:00,1,9874.71,10712.86
2019-02-04 13:00:00,1,9914.6,10910.08
2019-02-04 13:30:00,1,10053.34,11038.1
2019-02-04 14:00:00,1,10123.92,11208.99
2019-02-04 14:30:00,1,10169.79,11384.94
2019-02-04 15:00:00,1,10352.65,11637.27
2019-02-04 15:30:00,1,10445.73,11820.39
2019-02-04 16:00:00,1,10540.36,11980.49
2019-02-04 16:30:00,1,10615.07,12039.21
2019-02-04 17:00:00,1,10534.25,12058.25
2019-02-04 17:30:00,1,10548.47,11826.48
2019-02-04 18:00:00,1,10352.38,11676.98
2019-02-04 18:30:00,1,10231.1,11380.49
2019-02-04 19:00:00,1,10033.85,11103.96
2019-02-04 19:30:00,1,9976.96,10926.71
2019-02-04 20:00:00,1,9929.28,10744.34
2019-02-04 20:30:00,1,9710.98,10364.62
2019-02-04 21:00:00,1,9429.14,9933.72
2019-02-04 21:30:00,1,9165.56,9601.54
2019-02-04 22:00:00,1,9000.0,9196.35
2019-02-04 22:30:00,1,8706.61,8860.6
2019-02-04 23:00:00,1,8504.28,8526.6
2019-02-04 23:30:00,1,8237.34,8220.53
2019-02-08 00:00:00,1,7720.69,7906.86
2019-02-08 00:30:00,1,7561.64,7713.36
2019-02-08 01:00:00,1,7267.17,7511.77
2019-02-08 01:30:00,1,7096.98,7243.78
2019-02-08 02:00:00,1,6783.95,7035.04
2019-02-08 02:30:00,1,6566.59,6896.51
2019-02-08 03:00:00,1,6449.73,6827.4
2019-02-08 03:30:00,1,6331.29,6804.03
2019-02-08 04:00:00,1,6332.49,6856.33
2019-02-08 12:30:00,1,8384.64,10215.57
2019-02-08 13:00:00,1,8504.44,10401.08
2019-02-08 13:30:00,1,8648.45,10536.52
2019-02-08 14:00:00,1,8697.37,10736.4
2019-02-08 14:30:00,1,8734.38,10830.08
2019-02-08 15:00:00,1,8703.7,11033.21
2019-02-08 15:30:00,1,8856.57,11153.25
2019-02-08 16:00:00,1,9061.01,11234.99
2019-02-08 16:30:00,1,9254.32,11123.48
2019-02-08 17:00:00,1,9320.91,11076.5
2019-02-08 17:30:00,1,9371.2,10852.65
2019-02-08 18:00:00,1,9340.44,10600.15
2019-02-08 18:30:00,1,9298.58,10330.78
2019-02-08 19:00:00,1,9100.51,10191.89
2019-02-08 19:30:00,1,8840.58,10078.53
2019-02-08 20:00:00,1,8729.58,9948.55
2019-02-08 20:30:00,1,8641.89,9732.6
2019-02-08 21:00:00,1,8362.5,9436.97
2019-02-08 21:30:00,1,8214.56,9279.15
2019-02-08 22:00:00,1,7998.99,9006.03
2019-02-08 22:30:00,1,7812.08,8818.36
2019-02-08 23:00:00,1,7745.37,8500.81
2019-02-08 23:30:00,1,7486.43,8243.2
2019-02-09 00:00:00,1,7289.11,8018.6
2019-02-09 00:30:00,1,7122.36,7759.63
2019-02-09 01:00:00,1,6897.29,7475.14
2019-02-09 01:30:00,1,6722.2,7150.23
2019-02-09 02:00:00,1,6469.04,6928.84
2019-02-09 02:30:00,1,6339.7,6752.54
2019-02-09 03:00:00,1,6219.01,6637.18
2019-02-09 03:30:00,1,6146.93,6588.59
2019-02-09 04:00:00,1,6179.06,6579.24
2019-02-09 12:30:00,1,6666.6,8687.91
2019-02-09 13:00:00,1,6680.42,8800.85
2019-02-09 13:30:00,1,6697.68,8858.73
2019-02-09 14:00:00,1,6709.97,8966.33
2019-02-09 14:30:00,1,6809.52,9077.18
2019-02-09 15:00:00,1,6883.21,9298.46
2019-02-09 15:30:00,1,7052.16,9495.68
2019-02-09 16:00:00,1,7245.78,9563.64
2019-02-09 16:30:00,1,7455.62,9634.12
2019-02-09 17:00:00,1,7635.94,9715.7
2019-02-09 17:30:00,1,7914.37,9506.96
2019-02-09 18:00:00,1,8138.59,9368.96
2019-02-09 18:30:00,1,8202.26,9066.29
2019-02-09 19:00:00,1,8145.42,8886.7
2019-02-09 19:30:00,1,8071.18,8732.26
2019-02-09 20:00:00,1,8135.22,8587.68
2019-02-09 20:30:00,1,8131.5,8446.58
2019-02-09 21:00:00,1,7991.46,8219.26
2019-02-09 21:30:00,1,7753.29,8080.43
2019-02-09 22:00:00,1,7587.11,7898.46
2019-02-09 22:30:00,1,7352.59,7647.44
2019-02-09 23:00:00,1,7253.94,7464.48
2019-02-09 23:30:00,1,7024.92,7273.54
2019-02-12 00:00:00,1,8072.01,7497.59
2019-02-12 00:30:00,1,7853.14,7348.43
2019-02-12 01:00:00,1,7612.12,7158.65
2019-02-12 01:30:00,1,7403.36,6904.24
2019-02-12 02:00:00,1,7081.43,6685.99
2019-02-12 02:30:00,1,6847.63,6523.61
2019-02-12 03:00:00,1,6676.12,6428.14
2019-02-12 03:30:00,1,6653.07,6412.56
2019-02-12 04:00:00,1,6560.3,6470.12
2019-02-12 12:30:00,1,8146.9,9560.02
2019-02-12 13:00:00,1,8186.55,9804.02
2019-02-12 13:30:00,1,8237.51,9969.61
2019-02-12 14:00:00,1,8293.8,10201.14
2019-02-12 14:30:00,1,8371.07,10580.91
2019-02-12 15:00:00,1,8408.53,10931.35
2019-02-12 15:30:00,1,8586.78,11246.31
2019-02-12 16:00:00,1,8747.33,11473.73
2019-02-12 16:30:00,1,8918.41,11645.05
2019-02-12 17:00:00,1,9019.84,11704.6
2019-02-12 17:30:00,1,9138.63,11516.59
2019-02-12 18:00:00,1,9001.11,11285.62
2019-02-12 18:30:00,1,8992.56,10988.9
2019-02-12 19:00:00,1,8834.25,10674.24
2019-02-12 19:30:00,1,8642.67,10280.84
2019-02-12 20:00:00,1,8598.73,10069.28
2019-02-12 20:30:00,1,8493.36,9772.42
2019-02-12 21:00:00,1,8312.7,9417.79
2019-02-12 21:30:00,1,8021.76,9158.45
2019-02-12 22:00:00,1,7895.97,8839.86
2019-02-12 22:30:00,1,7656.79,8512.5
2019-02-12 23:00:00,1,7621.37,8212.53
2019-02-12 23:30:00,1,7424.73,7923.69
2019-02-17 00:00:00,1,7434.32,6879.69
2019-02-17 00:30:00,1,7283.03,6735.64
2019-02-17 01:00:00,1,7110.02,6586.81
2019-02-17 01:30:00,1,6949.94,6369.1
2019-02-17 02:00:00,1,6702.29,6184.75
2019-02-17 02:30:00,1,6539.48,6090.69
2019-02-17 03:00:00,1,6445.26,6052.0
2019-02-17 03:30:00,1,6446.14,6045.88
2019-02-17 04:00:00,1,6497.61,6066.95
2019-02-17 12:30:00,1,9832.33,7950.59
2019-02-17 13:00:00,1,10047.62,8086.86
2019-02-17 13:30:00,1,10244.15,8238.47
2019-02-17 14:00:00,1,10480.68,8362.21
2019-02-17 14:30:00,1,10693.22,8544.91
2019-02-17 15:00:00,1,10918.94,8781.66
2019-02-17 15:30:00,1,11280.17,9001.21
2019-02-17 16:00:00,1,11596.16,9186.4
2019-02-17 16:30:00,1,11833.88,9347.73
2019-02-17 17:00:00,1,11898.99,9520.11
2019-02-17 17:30:00,1,11842.81,9556.15
2019-02-17 18:00:00,1,11572.93,9525.16
2019-02-17 18:30:00,1,11461.16,9369.64
2019-02-17 19:00:00,1,11113.47,9246.84
2019-02-17 19:30:00,1,10749.12,9207.25
2019-02-17 20:00:00,1,10597.3,9065.64
2019-02-17 20:30:00,1,10225.38,8826.28
2019-02-17 21:00:00,1,9834.35,8517.17
2019-02-17 21:30:00,1,9333.93,8294.3
2019-02-17 22:00:00,1,9131.27,8033.97
2019-02-17 22:30:00,1,8740.22,7781.29
2019-02-17 23:00:00,1,8569.41,7531.39
2019-02-17 23:30:00,1,8231.83,7287.88
2019-02-18 00:00:00,1,7997.81,7104.7
2019-02-18 00:30:00,1,7795.31,6893.64
2019-02-18 01:00:00,1,7616.19,6704.03
2019-02-18 01:30:00,1,7377.37,6457.91
2019-02-18 02:00:00,1,7115.7,6261.87
2019-02-18 02:30:00,1,6893.6,6191.19
2019-02-18 03:00:00,1,6759.72,6202.41
2019-02-18 03:30:00,1,6716.46,6256.3
2019-02-18 04:00:00,1,6770.9,6371.61
2019-02-18 12:30:00,1,9713.51,10467.51
2019-02-18 13:00:00,1,9651.41,10750.6
2019-02-18 13:30:00,1,9629.25,10961.73
2019-02-18 14:00:00,1,9808.22,11178.63
2019-02-18 14:30:00,1,9546.37,11376.6
2019-02-18 15:00:00,1,9713.32,11682.67
2019-02-18 15:30:00,1,9755.48,11908.77
2019-02-18 16:00:00,1,9892.43,12094.67
2019-02-18 16:30:00,1,9958.83,12165.13
2019-02-18 17:00:00,1,9959.26,12186.2
2019-02-18 17:30:00,1,9910.6,11889.91
2019-02-18 18:00:00,1,9696.89,11740.66
2019-02-18 18:30:00,1,9605.7,11449.0
2019-02-18 19:00:00,1,9374.22,11207.22
2019-02-18 19:30:00,1,9244.03,11063.03
2019-02-18 20:00:00,1,9118.72,10793.75
2019-02-18 20:30:00,1,8916.39,10468.9
2019-02-18 21:00:00,1,8667.47,10013.84
2019-02-18 21:30:00,1,8385.7,9662.7
2019-02-18 22:00:00,1,8281.91,9217.05
2019-02-18 22:30:00,1,8063.83,8872.51
2019-02-18 23:00:00,1,7887.64,8510.44
2019-02-18 23:30:00,1,7705.92,8207.41
2019-03-06 00:00:00,1,7484.66,7807.92
2019-03-06 00:30:00,1,7328.82,7600.85
2019-03-06 01:00:00,1,7142.57,7373.85
2019-03-06 01:30:00,1,6939.89,7092.31
2019-03-06 02:00:00,1,6647.23,6858.82
2019-03-06 02:30:00,1,6454.78,6702.8
2019-03-06 03:00:00,1,6311.07,6606.88
2019-03-06 03:30:00,1,6285.07,6575.69
2019-03-06 04:00:00,1,6291.1,6629.33
2019-03-06 12:30:00,1,7918.8,9748.81
2019-03-06 13:00:00,1,7900.49,9934.53
2019-03-06 13:30:00,1,7921.22,9977.92
2019-03-06 14:00:00,1,7948.73,10095.51
2019-03-06 14:30:00,1,7952.26,10068.62
2019-03-06 15:00:00,1,8016.32,10177.34
2019-03-06 15:30:00,1,8118.11,10151.29
2019-03-06 16:00:00,1,8204.51,10130.23
2019-03-06 16:30:00,1,8311.5,10023.1
2019-03-06 17:00:00,1,8376.25,9889.29
2019-03-06 17:30:00,1,8499.21,9802.41
2019-03-06 18:00:00,1,8466.41,9617.94
2019-03-06 18:30:00,1,8477.6,9459.81
2019-03-06 19:00:00,1,8439.66,9361.94
2019-03-06 19:30:00,1,8450.82,9364.33
2019-03-06 20:00:00,1,8335.38,9119.39
2019-03-06 20:30:00,1,8221.04,8890.2
2019-03-06 21:00:00,1,8009.78,8587.52
2019-03-06 21:30:00,1,7735.83,8403.27
2019-03-06 22:00:00,1,7677.57,8162.49
2019-03-06 22:30:00,1,7588.84,8059.43
2019-03-06 23:00:00,1,7575.27,7844.68
2019-03-06 23:30:00,1,7491.31,7632.63
2019-03-12 00:00:00,1,7792.35,7553.41
2019-03-12 00:30:00,1,7538.78,7398.44
2019-03-12 01:00:00,1,7381.29,7214.69
2019-03-12 01:30:00,1,7170.1,6971.72
2019-03-12 02:00:00,1,6909.23,6747.98
2019-03-12 02:30:00,1,6587.8,6614.9
2019-03-12 03:00:00,1,6459.71,6517.21
2019-03-12 03:30:00,1,6374.03,6482.62
2019-03-12 04:00:00,1,6414.74,6523.2
2019-03-12 12:30:00,1,8593.62,8989.39
2019-03-12 13:00:00,1,8569.76,9159.81
2019-03-12 13:30:00,1,8573.59,9350.43
2019-03-12 14:00:00,1,8555.76,9568.43
2019-03-12 14:30:00,1,8529.52,9799.43
2019-03-12 15:00:00,1,8552.71,10081.21
2019-03-12 15:30:00,1,8617.13,10338.95
2019-03-12 16:00:00,1,8674.83,10553.28
2019-03-12 16:30:00,1,8749.36,10667.96
2019-03-12 17:00:00,1,8742.91,10737.2
2019-03-12 17:30:00,1,8818.23,10643.27
2019-03-12 18:00:00,1,8701.99,10578.25
2019-03-12 18:30:00,1,8776.38,10387.29
2019-03-12 19:00:00,1,8784.07,10265.71
2019-03-12 19:30:00,1,8797.06,9964.17
2019-03-12 20:00:00,1,8627.57,9672.8
2019-03-12 20:30:00,1,8425.41,9189.19
2019-03-12 21:00:00,1,8260.47,8810.27
2019-03-12 21:30:00,1,8029.12,8559.27
2019-03-12 22:00:00,1,7955.44,8253.04
2019-03-12 22:30:00,1,7783.83,8024.32
2019-03-12 23:00:00,1,7764.92,7789.39
2019-03-12 23:30:00,1,7633.38,7607.42
2019-03-24 00:00:00,1,6875.21,7079.96
2019-03-24 00:30:00,1,6807.42,6899.79
2019-03-24 01:00:00,1,6665.46,6733.17
2019-03-24 01:30:00,1,6494.75,6529.51
2019-03-24 02:00:00,1,6238.73,6333.89
2019-03-24 02:30:00,1,6142.14,6231.56
2019-03-24 03:00:00,1,6073.25,6144.52
2019-03-24 03:30:00,1,6043.87,6103.22
2019-03-24 04:00:00,1,6049.96,6076.23
2019-03-24 12:30:00,1,8464.82,8044.06
2019-03-24 13:00:00,1,8480.83,8158.27
2019-03-24 13:30:00,1,8501.81,8304.85
2019-03-24 14:00:00,1,8496.96,8466.12
2019-03-24 14:30:00,1,8480.32,8651.6
2019-03-24 15:00:00,1,8519.87,8823.43
2019-03-24 15:30:00,1,8616.75,8986.88
2019-03-24 16:00:00,1,8672.24,9138.1
2019-03-24 16:30:00,1,8747.92,9260.09
2019-03-24 17:00:00,1,8794.5,9379.77
2019-03-24 17:30:00,1,8903.23,9412.79
2019-03-24 18:00:00,1,8806.97,9371.63
2019-03-24 18:30:00,1,8815.22,9377.59
2019-03-24 19:00:00,1,8741.05,9255.2
2019-03-24 19:30:00,1,8663.94,9036.07
2019-03-24 20:00:00,1,8489.83,8819.78
2019-03-24 20:30:00,1,8274.99,8603.37
2019-03-24 21:00:00,1,8119.69,8340.09
2019-03-24 21:30:00,1,7840.1,8119.23
2019-03-24 22:00:00,1,7698.34,7872.69
2019-03-24 22:30:00,1,7545.65,7649.22
2019-03-24 23:00:00,1,7539.16,7422.61
2019-03-24 23:30:00,1,7443.95,7210.8
2019-04-08 00:00:00,1,7364.24,6760.77
2019-04-08 00:30:00,1,7271.81,6638.16
2019-04-08 01:00:00,1,7072.13,6496.26
2019-04-08 01:30:00,1,6910.93,6341.54
2019-04-08 02:00:00,1,6684.54,6196.06
2019-04-08 02:30:00,1,6486.57,6008.75
2019-04-08 03:00:00,1,6199.67,5910.13
2019-04-08 03:30:00,1,6041.54,5856.04
2019-04-08 04:00:00,1,5948.37,5845.47
2019-04-08 12:30:00,1,8140.41,7952.61
2019-04-08 13:00:00,1,8165.73,8099.01
2019-04-08 13:30:00,1,8225.37,8269.65
2019-04-08 14:00:00,1,8234.47,8382.53
2019-04-08 14:30:00,1,8287.66,8512.47
2019-04-08 15:00:00,1,8348.94,8706.92
2019-04-08 15:30:00,1,8348.59,8847.9
2019-04-08 16:00:00,1,8383.23,9019.82
2019-04-08 16:30:00,1,8448.67,9094.25
2019-04-08 17:00:00,1,8546.43,9187.69
2019-04-08 17:30:00,1,8623.83,9163.69
2019-04-08 18:00:00,1,8663.2,9300.63
2019-04-08 18:30:00,1,8917.45,9345.73
2019-04-08 19:00:00,1,9052.86,9199.5
2019-04-08 19:30:00,1,8920.6,8854.56
2019-04-08 20:00:00,1,8677.14,8589.51
2019-04-08 20:30:00,1,8442.41,8436.15
2019-04-08 21:00:00,1,8319.16,8213.86
2019-04-08 21:30:00,1,8097.95,7990.4
2019-04-08 22:00:00,1,7855.02,7791.02
2019-04-08 22:30:00,1,7667.17,7699.23
2019-04-08 23:00:00,1,7719.97,7534.8
2019-04-08 23:30:00,1,7514.65,7425.37
2019-10-04 00:00:00,1,7418.91,7390.5
2019-10-04 00:30:00,1,7398.11,7230.32
2019-10-04 01:00:00,1,7224.66,7045.2
2019-10-04 01:30:00,1,7074.54,6846.75
2019-10-04 02:00:00,1,6874.41,6631.76
2019-10-04 02:30:00,1,6648.76,6370.23
2019-10-04 03:00:00,1,6365.65,6158.29
2019-10-04 03:30:00,1,6210.88,6025.76
2019-10-04 04:00:00,1,6031.29,5976.63
2019-10-04 12:30:00,1,6909.3,7578.31
2019-10-04 13:00:00,1,6929.49,7668.25
2019-10-04 13:30:00,1,6918.2,7696.48
2019-10-04 14:00:00,1,6838.27,7771.45
2019-10-04 14:30:00,1,6852.45,7747.93
2019-10-04 15:00:00,1,6862.53,7793.86
2019-10-04 15:30:00,1,6820.36,7778.17
2019-10-04 16:00:00,1,6907.12,7826.22
2019-10-04 16:30:00,1,6980.15,7962.63
2019-10-04 17:00:00,1,7100.04,8000.27
2019-10-04 17:30:00,1,7274.4,8045.93
2019-10-04 18:00:00,1,7405.33,8124.96
2019-10-04 18:30:00,1,7705.17,8425.41
2019-10-04 19:00:00,1,7898.63,8453.81
2019-10-04 19:30:00,1,7964.32,8372.78
2019-10-04 20:00:00,1,7734.37,8174.87
2019-10-04 20:30:00,1,7567.83,8027.58
2019-10-04 21:00:00,1,7448.56,7856.03
2019-10-04 21:30:00,1,7382.65,7694.99
2019-10-04 22:00:00,1,7249.02,7556.62
2019-10-04 22:30:00,1,7169.29,7540.7
2019-10-04 23:00:00,1,7185.8,7463.39
2019-10-04 23:30:00,1,7129.06,7434.21
2019-10-25 00:00:00,1,7475.86,7228.82
2019-10-25 00:30:00,1,7303.25,7073.98
2019-10-25 01:00:00,1,7068.66,6902.83
2019-10-25 01:30:00,1,6801.21,6646.11
2019-10-25 02:00:00,1,6541.07,6403.99
2019-10-25 02:30:00,1,6280.26,6238.41
2019-10-25 03:00:00,1,6128.43,6152.8
2019-10-25 03:30:00,1,6027.77,6141.19
2019-10-25 04:00:00,1,5988.11,6215.67
2019-10-25 12:30:00,1,7006.37,8901.9
2019-10-25 13:00:00,1,7051.71,9125.01
2019-10-25 13:30:00,1,6990.42,9238.83
2019-10-25 14:00:00,1,6992.28,9324.92
2019-10-25 14:30:00,1,7041.77,9465.25
2019-10-25 15:00:00,1,7164.25,9650.46
2019-10-25 15:30:00,1,7243.6,9794.55
2019-10-25 16:00:00,1,7392.97,9872.01
2019-10-25 16:30:00,1,7592.24,9895.24
2019-10-25 17:00:00,1,7631.95,9881.83
2019-10-25 17:30:00,1,7783.86,9735.17
2019-10-25 18:00:00,1,7875.88,9562.94
2019-10-25 18:30:00,1,7866.04,9401.62
2019-10-25 19:00:00,1,7776.57,9301.16
2019-10-25 19:30:00,1,7813.3,9051.08
2019-10-25 20:00:00,1,7678.8,8807.41
2019-10-25 20:30:00,1,7557.31,8529.5
2019-10-25 21:00:00,1,7450.78,8248.84
2019-10-25 21:30:00,1,7287.79,8047.56
2019-10-25 22:00:00,1,7189.37,7877.68
2019-10-25 22:30:00,1,7064.8,7824.48
2019-10-25 23:00:00,1,7006.28,7655.96
2019-10-25 23:30:00,1,6841.52,7445.92
2019-10-26 00:00:00,1,6674.53,7283.38
2019-10-26 00:30:00,1,6550.41,7069.23
2019-10-26 01:00:00,1,6385.25,6820.43
2019-10-26 01:30:00,1,6286.62,6529.57
2019-10-26 02:00:00,1,6047.79,6264.07
2019-10-26 02:30:00,1,5963.56,6121.95
2019-10-26 03:00:00,1,5814.61,6021.93
2019-10-26 03:30:00,1,5757.43,5996.71
2019-10-26 04:00:00,1,5758.26,5996.17
2019-10-26 12:30:00,1,5804.32,6730.66
2019-10-26 13:00:00,1,5776.99,6786.72
2019-10-26 13:30:00,1,5729.21,6819.4
2019-10-26 14:00:00,1,5768.98,6854.56
2019-10-26 14:30:00,1,5873.7,6922.63
2019-10-26 15:00:00,1,5970.39,7020.99
2019-10-26 15:30:00,1,6163.81,7204.39
2019-10-26 16:00:00,1,6381.87,7354.09
2019-10-26 16:30:00,1,6610.6,7438.59
2019-10-26 17:00:00,1,6858.56,7521.06
2019-10-26 17:30:00,1,7127.93,7510.12
2019-10-26 18:00:00,1,7331.74,7501.07
2019-10-26 18:30:00,1,7468.68,7495.42
2019-10-26 19:00:00,1,7567.89,7537.07
2019-10-26 19:30:00,1,7694.57,7493.21
2019-10-26 20:00:00,1,7672.86,7380.04
2019-10-26 20:30:00,1,7555.33,7279.52
2019-10-26 21:00:00,1,7370.13,7144.12
2019-10-26 21:30:00,1,7225.08,7024.95
2019-10-26 22:00:00,1,7115.02,6940.34
2019-10-26 22:30:00,1,7002.95,6887.16
2019-10-26 23:00:00,1,6999.84,6793.41
2019-10-26 23:30:00,1,6822.38,6676.59
2019-11-03 00:00:00,1,6885.67,7003.97
2019-11-03 00:30:00,1,6846.11,6834.3
2019-11-03 01:00:00,1,6684.55,6673.41
2019-11-03 01:30:00,1,6524.8,6450.07
2019-11-03 02:00:00,1,6275.46,6234.36
2019-11-03 02:30:00,1,6092.48,6102.93
2019-11-03 03:00:00,1,6056.7,6039.43
2019-11-03 03:30:00,1,5982.12,6024.98
2019-11-03 04:00:00,1,6036.41,6037.28
2019-11-03 12:30:00,1,7401.52,7715.44
2019-11-03 13:00:00,1,7384.25,7821.47
2019-11-03 13:30:00,1,7370.78,7887.7
2019-11-03 14:00:00,1,7451.14,7879.49
2019-11-03 14:30:00,1,7501.11,7978.21
2019-11-03 15:00:00,1,7592.65,8074.85
2019-11-03 15:30:00,1,7795.62,8185.14
2019-11-03 16:00:00,1,7973.32,8250.07
2019-11-03 16:30:00,1,8111.51,8268.93
2019-11-03 17:00:00,1,8284.25,8362.65
2019-11-03 17:30:00,1,8475.74,8418.43
2019-11-03 18:00:00,1,8410.4,8412.83
2019-11-03 18:30:00,1,8402.77,8365.16
2019-11-03 19:00:00,1,8312.33,8363.69
2019-11-03 19:30:00,1,8419.55,8304.6
2019-11-03 20:00:00,1,8374.79,8185.1
2019-11-03 20:30:00,1,8200.59,8003.69
2019-11-03 21:00:00,1,7969.87,7752.42
2019-11-03 21:30:00,1,7690.25,7572.51
2019-11-03 22:00:00,1,7597.85,7396.49
2019-11-03 22:30:00,1,7462.98,7255.74
2019-11-03 23:00:00,1,7476.98,7089.72
2019-11-03 23:30:00,1,7331.49,6900.65
2019-11-12 00:00:00,1,7130.78,7059.68
2019-11-12 00:30:00,1,7070.19,6922.25
2019-11-12 01:00:00,1,6856.87,6741.55
2019-11-12 01:30:00,1,6692.83,6484.14
2019-11-12 02:00:00,1,6421.54,6252.78
2019-11-12 02:30:00,1,6218.87,6093.72
2019-11-12 03:00:00,1,6073.48,6007.28
2019-11-12 03:30:00,1,6014.37,5997.83
2019-11-12 04:00:00,1,6040.67,6062.93
2019-11-12 12:30:00,1,6637.99,8353.63
2019-11-12 13:00:00,1,6656.82,8578.47
2019-11-12 13:30:00,1,6653.14,8689.16
2019-11-12 14:00:00,1,6696.4,8878.98
2019-11-12 14:30:00,1,6810.58,9048.16
2019-11-12 15:00:00,1,6851.77,9311.33
2019-11-12 15:30:00,1,7079.27,9585.1
2019-11-12 16:00:00,1,7275.14,9832.81
2019-11-12 16:30:00,1,7482.39,9968.81
2019-11-12 17:00:00,1,7701.83,9988.16
2019-11-12 17:30:00,1,7969.66,9757.17
2019-11-12 18:00:00,1,8007.58,9606.98
2019-11-12 18:30:00,1,8094.69,9415.75
2019-11-12 19:00:00,1,8047.69,9289.64
2019-11-12 19:30:00,1,8108.9,8938.14
2019-11-12 20:00:00,1,8149.4,8721.71
2019-11-12 20:30:00,1,8009.28,8371.68
2019-11-12 21:00:00,1,7818.99,8075.26
2019-11-12 21:30:00,1,7603.93,7965.36
2019-11-12 22:00:00,1,7492.47,7753.37
2019-11-12 22:30:00,1,7413.66,7618.08
2019-11-12 23:00:00,1,7378.4,7436.46
2019-11-12 23:30:00,1,7257.85,7295.27
2019-11-15 00:00:00,1,7330.83,7104.04
2019-11-15 00:30:00,1,7114.3,6943.42
2019-11-15 01:00:00,1,6915.84,6758.89
2019-11-15 01:30:00,1,6685.5,6504.72
2019-11-15 02:00:00,1,6388.76,6284.59
2019-11-15 02:30:00,1,6211.29,6135.13
2019-11-15 03:00:00,1,6087.89,6062.56
2019-11-15 03:30:00,1,5998.81,6066.79
2019-11-15 04:00:00,1,5980.46,6147.1
2019-11-15 12:30:00,1,6424.42,7546.92
2019-11-15 13:00:00,1,6443.21,7682.95
2019-11-15 13:30:00,1,6416.1,7837.81
2019-11-15 14:00:00,1,6356.86,7952.18
2019-11-15 14:30:00,1,6344.14,8104.51
2019-11-15 15:00:00,1,6439.21,8341.17
2019-11-15 15:30:00,1,6651.93,8537.5
2019-11-15 16:00:00,1,6770.19,8704.74
2019-11-15 16:30:00,1,7038.1,8809.41
2019-11-15 17:00:00,1,7196.57,8900.59
2019-11-15 17:30:00,1,7359.18,8886.27
2019-11-15 18:00:00,1,7417.25,8781.95
2019-11-15 18:30:00,1,7544.07,8623.69
2019-11-15 19:00:00,1,7618.58,8582.42
2019-11-15 19:30:00,1,7694.43,8419.05
2019-11-15 20:00:00,1,7689.11,8289.63
2019-11-15 20:30:00,1,7571.37,8051.87
2019-11-15 21:00:00,1,7469.85,7843.67
2019-11-15 21:30:00,1,7356.52,7779.68
2019-11-15 22:00:00,1,7297.3,7663.91
2019-11-15 22:30:00,1,7183.78,7576.89
2019-11-15 23:00:00,1,7202.76,7449.3
2019-11-15 23:30:00,1,7105.86,7310.37
2019-11-19 00:00:00,1,7411.75,7098.53
2019-11-19 00:30:00,1,7280.69,6959.18
2019-11-19 01:00:00,1,7095.68,6795.25
2019-11-19 01:30:00,1,6930.93,6568.64
2019-11-19 02:00:00,1,6671.94,6372.95
2019-11-19 02:30:00,1,6459.94,6238.94
2019-11-19 03:00:00,1,6314.99,6169.49
2019-11-19 03:30:00,1,6271.37,6172.81
2019-11-19 04:00:00,1,6260.98,6245.86
2019-11-19 12:30:00,1,7608.81,8442.72
2019-11-19 13:00:00,1,7599.78,8626.21
2019-11-19 13:30:00,1,7651.64,8840.23
2019-11-19 14:00:00,1,7755.98,9008.31
2019-11-19 14:30:00,1,7885.76,9189.07
2019-11-19 15:00:00,1,7992.4,9425.34
2019-11-19 15:30:00,1,8249.7,9658.34
2019-11-19 16:00:00,1,8506.18,9822.11
2019-11-19 16:30:00,1,8706.67,9890.0
2019-11-19 17:00:00,1,8874.68,9962.17
2019-11-19 17:30:00,1,9068.55,9793.48
2019-11-19 18:00:00,1,9002.67,9653.5
2019-11-19 18:30:00,1,9023.58,9329.14
2019-11-19 19:00:00,1,8799.8,9221.81
2019-11-19 19:30:00,1,8735.31,9012.23
2019-11-19 20:00:00,1,8706.97,8803.11
2019-11-19 20:30:00,1,8551.79,8607.31
2019-11-19 21:00:00,1,8298.34,8311.98
2019-11-19 21:30:00,1,8022.5,8162.35
2019-11-19 22:00:00,1,7905.65,7928.56
2019-11-19 22:30:00,1,7774.05,7781.84
2019-11-19 23:00:00,1,7699.93,7599.6
2019-11-19 23:30:00,1,7599.25,7438.54
2019-11-25 00:00:00,1,7503.81,6732.98
2019-11-25 00:30:00,1,7359.97,6584.24
2019-11-25 01:00:00,1,7190.39,6431.52
2019-11-25 01:30:00,1,6973.45,6200.44
2019-11-25 02:00:00,1,6656.71,6049.64
2019-11-25 02:30:00,1,6440.9,5956.67
2019-11-25 03:00:00,1,6287.38,5942.39
2019-11-25 03:30:00,1,6218.87,5988.05
2019-11-25 04:00:00,1,6232.83,6084.06
2019-11-25 12:30:00,1,9275.09,8734.7
2019-11-25 13:00:00,1,8818.39,8958.95
2019-11-25 13:30:00,1,8647.0,9120.88
2019-11-25 14:00:00,1,8733.41,9271.64
2019-11-25 14:30:00,1,8767.0,9371.76
2019-11-25 15:00:00,1,8929.37,9556.86
2019-11-25 15:30:00,1,9144.96,9707.55
2019-11-25 16:00:00,1,9191.62,9812.92
2019-11-25 16:30:00,1,9243.68,9915.82
2019-11-25 17:00:00,1,9261.15,9962.71
2019-11-25 17:30:00,1,9340.89,9910.25
2019-11-25 18:00:00,1,9140.34,9846.02
2019-11-25 18:30:00,1,9034.15,9739.25
2019-11-25 19:00:00,1,8793.13,9593.99
2019-11-25 19:30:00,1,8657.22,9468.38
2019-11-25 20:00:00,1,8563.55,9293.18
2019-11-25 20:30:00,1,8391.47,8977.79
2019-11-25 21:00:00,1,8160.97,8655.23
2019-11-25 21:30:00,1,7866.72,8394.42
2019-11-25 22:00:00,1,7772.43,8168.25
2019-11-25 22:30:00,1,7602.26,7983.4
2019-11-25 23:00:00,1,7503.41,7763.76
2019-11-25 23:30:00,1,7337.6,7539.6
2019-11-26 00:00:00,1,7173.86,7408.05
2019-11-26 00:30:00,1,6996.48,7267.75
2019-11-26 01:00:00,1,6890.07,7084.32
2019-11-26 01:30:00,1,6734.9,6834.92
2019-11-26 02:00:00,1,6489.95,6620.59
2019-11-26 02:30:00,1,6239.05,6476.22
2019-11-26 03:00:00,1,6164.33,6377.47
2019-11-26 03:30:00,1,6152.95,6356.77
2019-11-26 04:00:00,1,6174.78,6411.7
2019-11-26 12:30:00,1,6857.77,9151.11
2019-11-26 13:00:00,1,6875.55,9276.04
2019-11-26 13:30:00,1,6920.05,9289.13
2019-11-26 14:00:00,1,6995.1,9366.47
2019-11-26 14:30:00,1,7114.74,9461.97
2019-11-26 15:00:00,1,7193.62,9609.34
2019-11-26 15:30:00,1,7415.25,9727.2
2019-11-26 16:00:00,1,7566.61,9838.46
2019-11-26 16:30:00,1,7811.46,9790.94
2019-11-26 17:00:00,1,8037.56,9740.02
2019-11-26 17:30:00,1,8207.09,9520.21
2019-11-26 18:00:00,1,8290.03,9359.38
2019-11-26 18:30:00,1,8346.22,9061.64
2019-11-26 19:00:00,1,8261.17,8913.36
2019-11-26 19:30:00,1,8223.25,8846.74
2019-11-26 20:00:00,1,8289.77,8690.2
2019-11-26 20:30:00,1,8189.12,8527.73
2019-11-26 21:00:00,1,8038.8,8249.17
2019-11-26 21:30:00,1,7779.9,8130.01
2019-11-26 22:00:00,1,7694.32,7928.76
2019-11-26 22:30:00,1,7534.75,7773.76
2019-11-26 23:00:00,1,7457.32,7598.13
2019-11-26 23:30:00,1,7349.8,7450.01
2019-12-05 00:00:00,1,7499.53,7115.99
2019-12-05 00:30:00,1,7308.87,6962.68
2019-12-05 01:00:00,1,7072.45,6773.05
2019-12-05 01:30:00,1,6850.36,6540.15
2019-12-05 02:00:00,1,6588.2,6321.66
2019-12-05 02:30:00,1,6366.92,6187.02
2019-12-05 03:00:00,1,6202.4,6105.5
2019-12-05 03:30:00,1,6175.24,6105.15
2019-12-05 04:00:00,1,6261.69,6173.47
2019-12-05 12:30:00,1,8266.68,7847.05
2019-12-05 13:00:00,1,8354.11,8055.15
2019-12-05 13:30:00,1,8427.55,8268.42
2019-12-05 14:00:00,1,8505.05,8516.07
2019-12-05 14:30:00,1,8670.79,8720.36
2019-12-05 15:00:00,1,8816.7,9031.5
2019-12-05 15:30:00,1,8970.42,9291.22
2019-12-05 16:00:00,1,9206.15,9517.94
2019-12-05 16:30:00,1,9341.08,9670.48
2019-12-05 17:00:00,1,9437.56,9806.7
2019-12-05 17:30:00,1,9454.78,9814.96
2019-12-05 18:00:00,1,9230.05,9769.92
2019-12-05 18:30:00,1,9149.02,9631.59
2019-12-05 19:00:00,1,8943.47,9476.44
2019-12-05 19:30:00,1,8786.46,9432.07
2019-12-05 20:00:00,1,8698.78,9279.38
2019-12-05 20:30:00,1,8550.28,8908.57
2019-12-05 21:00:00,1,8308.33,8604.96
2019-12-05 21:30:00,1,8125.55,8325.45
2019-12-05 22:00:00,1,7963.55,8066.14
2019-12-05 22:30:00,1,7808.83,7839.09
2019-12-05 23:00:00,1,7744.02,7639.39
2019-12-05 23:30:00,1,7613.4,7467.64
2019-12-10 00:00:00,1,7358.56,7524.15
2019-12-10 00:30:00,1,7206.73,7393.57
2019-12-10 01:00:00,1,7054.27,7227.32
2019-12-10 01:30:00,1,6865.16,6973.74
2019-12-10 02:00:00,1,6624.13,6755.47
2019-12-10 02:30:00,1,6399.76,6622.57
2019-12-10 03:00:00,1,6252.83,6550.53
2019-12-10 03:30:00,1,6218.15,6540.43
2019-12-10 04:00:00,1,6222.38,6596.91
2019-12-10 12:30:00,1,7849.1,10552.12
2019-12-10 13:00:00,1,7822.37,10833.26
2019-12-10 13:30:00,1,7908.88,11033.46
2019-12-10 14:00:00,1,7954.7,11189.63
2019-12-10 14:30:00,1,8170.55,11265.98
2019-12-10 15:00:00,1,8262.02,11350.91
2019-12-10 15:30:00,1,8459.34,11352.7
2019-12-10 16:00:00,1,8556.45,11120.16
2019-12-10 16:30:00,1,8753.14,10728.02
2019-12-10 17:00:00,1,8749.45,10570.01
2019-12-10 17:30:00,1,8812.69,10281.09
2019-12-10 18:00:00,1,8758.36,10060.39
2019-12-10 18:30:00,1,8813.46,9838.17
2019-12-10 19:00:00,1,8667.07,9613.19
2019-12-10 19:30:00,1,8531.79,9454.84
2019-12-10 20:00:00,1,8531.56,9293.84
2019-12-10 20:30:00,1,8406.04,9094.06
2019-12-10 21:00:00,1,8195.89,8767.76
2019-12-10 21:30:00,1,7913.49,8566.59
2019-12-10 22:00:00,1,7869.62,8278.96
2019-12-10 22:30:00,1,7691.5,8039.91
2019-12-10 23:00:00,1,7586.54,7814.35
2019-12-10 23:30:00,1,7427.75,7595.26
2019-12-19 00:00:00,1,7597.58,7445.62
2019-12-19 00:30:00,1,7442.75,7313.78
2019-12-19 01:00:00,1,7209.69,7139.96
2019-12-19 01:30:00,1,7016.89,6908.65
2019-12-19 02:00:00,1,6719.46,6713.65
2019-12-19 02:30:00,1,6558.48,6577.62
2019-12-19 03:00:00,1,6440.0,6509.53
2019-12-19 03:30:00,1,6381.03,6502.21
2019-12-19 04:00:00,1,6384.15,6551.04
2019-12-19 12:30:00,1,8439.5,10720.62
2019-12-19 13:00:00,1,8534.69,10954.24
2019-12-19 13:30:00,1,8704.3,11288.48
2019-12-19 14:00:00,1,8909.7,11586.3
2019-12-19 14:30:00,1,9015.63,11903.4
2019-12-19 15:00:00,1,9207.99,12105.02
2019-12-19 15:30:00,1,9372.75,12046.71
2019-12-19 16:00:00,1,9585.6,11575.74
2019-12-19 16:30:00,1,9753.98,11283.49
2019-12-19 17:00:00,1,9813.26,11079.9
2019-12-19 17:30:00,1,9807.3,10685.94
2019-12-19 18:00:00,1,9670.38,10382.7
2019-12-19 18:30:00,1,9563.28,10127.07
2019-12-19 19:00:00,1,9395.45,9820.22
2019-12-19 19:30:00,1,9280.31,9621.33
2019-12-19 20:00:00,1,9117.67,9482.7
2019-12-19 20:30:00,1,9004.32,9198.11
2019-12-19 21:00:00,1,8771.2,8894.86
2019-12-19 21:30:00,1,8495.2,8710.17
2019-12-19 22:00:00,1,8412.35,8442.84
2019-12-19 22:30:00,1,8208.81,8200.18
2019-12-19 23:00:00,1,8160.95,7949.69
2019-12-19 23:30:00,1,7956.76,7737.76
2019-12-21 00:00:00,1,7151.07,7488.18
2019-12-21 00:30:00,1,7006.74,7332.03
2019-12-21 01:00:00,1,6821.48,7132.01
2019-12-21 01:30:00,1,6603.45,6879.61
2019-12-21 02:00:00,1,6331.38,6651.25
2019-12-21 02:30:00,1,6160.73,6509.09
2019-12-21 03:00:00,1,6054.13,6399.72
2019-12-21 03:30:00,1,5980.56,6391.68
2019-12-21 04:00:00,1,5903.87,6415.07
2019-12-21 12:30:00,1,6700.13,10057.22
2019-12-21 13:00:00,1,6661.82,10286.83
2019-12-21 13:30:00,1,6701.98,10477.95
2019-12-21 14:00:00,1,6722.63,10728.3
2019-12-21 14:30:00,1,6743.3,10942.14
2019-12-21 15:00:00,1,6816.02,11183.07
2019-12-21 15:30:00,1,6988.68,11307.18
2019-12-21 16:00:00,1,7090.52,11443.35
2019-12-21 16:30:00,1,7211.95,11297.75
2019-12-21 17:00:00,1,7366.81,11278.41
2019-12-21 17:30:00,1,7464.91,10801.46
2019-12-21 18:00:00,1,7488.54,10463.21
2019-12-21 18:30:00,1,7531.65,9823.94
2019-12-21 19:00:00,1,7589.12,9441.06
2019-12-21 19:30:00,1,7593.89,9119.26
2019-12-21 20:00:00,1,7642.72,8955.28
2019-12-21 20:30:00,1,7631.93,8849.55
2019-12-21 21:00:00,1,7572.57,8579.8
2019-12-21 21:30:00,1,7410.47,8495.81
2019-12-21 22:00:00,1,7279.38,8258.27
2019-12-21 22:30:00,1,7141.16,7972.98
2019-12-21 23:00:00,1,7087.81,7683.27
2019-12-21 23:30:00,1,6914.28,7493.07
2019-12-30 00:00:00,1,7700.67,7423.31
2019-12-30 00:30:00,1,7494.16,7110.2
2019-12-30 01:00:00,1,7229.04,6823.97
2019-12-30 01:30:00,1,6961.08,6512.28
2019-12-30 02:00:00,1,6660.57,6352.54
2019-12-30 02:30:00,1,6449.59,6261.14
2019-12-30 03:00:00,1,6278.43,6261.98
2019-12-30 03:30:00,1,6216.72,6298.17
2019-12-30 04:00:00,1,6206.5,6331.78
2019-12-30 12:30:00,1,9961.45,10126.57
2019-12-30 13:00:00,1,10201.56,10330.4
2019-12-30 13:30:00,1,10446.54,10508.65
2019-12-30 14:00:00,1,10610.17,10653.71
2019-12-30 14:30:00,1,10883.9,10833.05
2019-12-30 15:00:00,1,11017.82,11007.25
2019-12-30 15:30:00,1,11266.76,11188.93
2019-12-30 16:00:00,1,11371.6,11350.51
2019-12-30 16:30:00,1,11533.73,11405.72
2019-12-30 17:00:00,1,11638.99,11444.49
2019-12-30 17:30:00,1,11441.29,11274.84
2019-12-30 18:00:00,1,10873.65,11185.71
2019-12-30 18:30:00,1,10109.4,11037.38
2019-12-30 19:00:00,1,9560.47,10787.92
2019-12-30 19:30:00,1,9126.22,10562.8
2019-12-30 20:00:00,1,8804.05,10413.21
2019-12-30 20:30:00,1,8552.62,10094.97
2019-12-30 21:00:00,1,8287.62,9725.55
2019-12-30 21:30:00,1,8041.91,9413.21
2019-12-30 22:00:00,1,7968.04,9088.0
2019-12-30 22:30:00,1,7791.11,8791.83
2019-12-30 23:00:00,1,7757.66,8454.11
2019-12-30 23:30:00,1,7662.03,8149.12
2019-12-31 00:00:00,1,7455.11,7910.79
2019-12-31 00:30:00,1,7318.64,7729.46
2019-12-31 01:00:00,1,7134.15,7558.31
2019-12-31 01:30:00,1,6886.14,7299.32
2019-12-31 02:00:00,1,6682.01,7086.02
2019-12-31 02:30:00,1,6452.46,6918.03
2019-12-31 03:00:00,1,6286.89,6798.88
2019-12-31 03:30:00,1,6163.74,6718.35
2019-12-31 04:00:00,1,6097.16,6699.56
2019-12-31 12:30:00,1,6815.0,10787.86
2019-12-31 13:00:00,1,6954.52,10916.18
2019-12-31 13:30:00,1,7087.53,11118.73
2019-12-31 14:00:00,1,7187.66,11250.01
2019-12-31 14:30:00,1,7365.48,11379.21
2019-12-31 15:00:00,1,7528.5,11508.6
2019-12-31 15:30:00,1,7716.27,11658.04
2019-12-31 16:00:00,1,7897.09,11760.36
2019-12-31 16:30:00,1,8154.28,11778.1
2019-12-31 17:00:00,1,8337.13,11688.99
2019-12-31 17:30:00,1,8492.82,11494.33
2019-12-31 18:00:00,1,8470.11,11085.16
2019-12-31 18:30:00,1,8438.46,10499.54
2019-12-31 19:00:00,1,8307.12,10011.86
2019-12-31 19:30:00,1,8218.6,9481.3
2019-12-31 20:00:00,1,8184.05,9196.38
2019-12-31 20:30:00,1,8120.49,8713.49
2019-12-31 21:00:00,1,7983.82,8472.37
2019-12-31 21:30:00,1,7801.16,8484.87
2019-12-31 22:00:00,1,7721.82,8325.72
2019-12-31 22:30:00,1,7616.27,8143.19
2019-12-31 23:00:00,1,7540.84,7961.41
2019-12-31 23:30:00,1,7390.02,7745.34
2020-01-03 00:00:00,1,7964.58,7190.07
2020-01-03 00:30:00,1,7746.15,7059.5
2020-01-03 01:00:00,1,7535.36,6894.37
2020-01-03 01:30:00,1,7307.37,6674.06
2020-01-03 02:00:00,1,7000.25,6477.01
2020-01-03 02:30:00,1,6779.59,6354.12
2020-01-03 03:00:00,1,6624.14,6277.88
2020-01-03 03:30:00,1,6536.29,6278.28
2020-01-03 04:00:00,1,6495.37,6317.84
2020-01-03 12:30:00,1,10757.67,8644.48
2020-01-03 13:00:00,1,11036.31,8783.43
2020-01-03 13:30:00,1,11259.31,8988.95
2020-01-03 14:00:00,1,11344.93,9178.58
2020-01-03 14:30:00,1,11448.2,9402.15
2020-01-03 15:00:00,1,11547.89,9649.58
2020-01-03 15:30:00,1,11801.52,9811.3
2020-01-03 16:00:00,1,11968.77,10026.94
2020-01-03 16:30:00,1,12177.46,10148.03
2020-01-03 17:00:00,1,12334.04,10219.81
2020-01-03 17:30:00,1,12148.06,10201.97
2020-01-03 18:00:00,1,12153.65,10058.61
2020-01-03 18:30:00,1,11977.22,9818.08
2020-01-03 19:00:00,1,11616.79,9576.02
2020-01-03 19:30:00,1,11460.19,9427.77
2020-01-03 20:00:00,1,11389.8,9374.3
2020-01-03 20:30:00,1,11668.34,9182.61
2020-01-03 21:00:00,1,11660.64,8922.22
2020-01-03 21:30:00,1,11169.02,8738.6
2020-01-03 22:00:00,1,10396.27,8514.01
2020-01-03 22:30:00,1,9743.76,8384.25
2020-01-03 23:00:00,1,9384.84,8151.81
2020-01-03 23:30:00,1,8832.74,7891.43
2020-01-04 00:00:00,1,8317.95,7706.41
2020-01-04 00:30:00,1,7957.69,7535.35
2020-01-04 01:00:00,1,7642.47,7315.75
2020-01-04 01:30:00,1,7369.01,7014.73
2020-01-04 02:00:00,1,7003.58,6778.24
2020-01-04 02:30:00,1,6721.35,6620.96
2020-01-04 03:00:00,1,6637.79,6529.07
2020-01-04 03:30:00,1,6479.6,6505.72
2020-01-04 04:00:00,1,6366.62,6494.27
2020-01-04 12:30:00,1,7384.94,10552.84
2020-01-04 13:00:00,1,7496.37,10838.73
2020-01-04 13:30:00,1,7616.92,11016.0
2020-01-04 14:00:00,1,7694.23,11196.2
2020-01-04 14:30:00,1,7870.05,11421.04
2020-01-04 15:00:00,1,7982.81,11584.17
2020-01-04 15:30:00,1,8108.31,11847.67
2020-01-04 16:00:00,1,8139.64,12038.57
2020-01-04 16:30:00,1,8195.54,12054.46
2020-01-04 17:00:00,1,8181.16,12039.85
2020-01-04 17:30:00,1,8220.91,11858.92
2020-01-04 18:00:00,1,8170.66,11817.08
2020-01-04 18:30:00,1,8141.73,11782.08
2020-01-04 19:00:00,1,8065.51,11500.11
2020-01-04 19:30:00,1,7940.75,11224.7
2020-01-04 20:00:00,1,7862.51,10988.02
2020-01-04 20:30:00,1,7830.62,10749.87
2020-01-04 21:00:00,1,7669.02,10485.52
2020-01-04 21:30:00,1,7477.21,10009.78
2020-01-04 22:00:00,1,7312.58,9646.9
2020-01-04 22:30:00,1,7127.11,9097.59
2020-01-04 23:00:00,1,7049.61,8659.21
2020-01-04 23:30:00,1,6865.27,8144.46
2020-01-10 00:00:00,1,8475.72,7444.95
2020-01-10 00:30:00,1,8302.9,7311.2
2020-01-10 01:00:00,1,8039.65,7160.28
2020-01-10 01:30:00,1,7766.3,6936.44
2020-01-10 02:00:00,1,7346.53,6729.65
2020-01-10 02:30:00,1,7047.3,6589.89
2020-01-10 03:00:00,1,6844.95,6517.65
2020-01-10 03:30:00,1,6720.85,6517.88
2020-01-10 04:00:00,1,6612.54,6569.47
2020-01-10 12:30:00,1,7276.37,10098.36
2020-01-10 13:00:00,1,7214.16,10298.26
2020-01-10 13:30:00,1,7162.36,10588.66
2020-01-10 14:00:00,1,7134.73,10825.67
2020-01-10 14:30:00,1,7081.2,11134.16
2020-01-10 15:00:00,1,7143.32,11321.74
2020-01-10 15:30:00,1,7277.97,11533.31
2020-01-10 16:00:00,1,7357.07,11721.56
2020-01-10 16:30:00,1,7454.24,11917.18
2020-01-10 17:00:00,1,7525.6,11938.65
2020-01-10 17:30:00,1,7655.27,11798.09
2020-01-10 18:00:00,1,7716.93,11665.32
2020-01-10 18:30:00,1,7651.0,11494.07
2020-01-10 19:00:00,1,7604.94,11216.02
2020-01-10 19:30:00,1,7538.56,11069.66
2020-01-10 20:00:00,1,7519.57,10927.83
2020-01-10 20:30:00,1,7506.83,10741.56
2020-01-10 21:00:00,1,7402.89,10375.82
2020-01-10 21:30:00,1,7288.6,10092.41
2020-01-10 22:00:00,1,7203.9,9760.22
2020-01-10 22:30:00,1,7155.87,9447.18
2020-01-10 23:00:00,1,7133.09,9130.59
2020-01-10 23:30:00,1,6930.8,8747.71
2020-01-21 00:00:00,1,7733.6,7575.02
2020-01-21 00:30:00,1,7498.35,7397.32
2020-01-21 01:00:00,1,7254.12,7184.67
2020-01-21 01:30:00,1,7095.15,6927.09
2020-01-21 02:00:00,1,6801.71,6729.49
2020-01-21 02:30:00,1,6603.42,6588.99
2020-01-21 03:00:00,1,6481.06,6511.81
2020-01-21 03:30:00,1,6424.9,6507.29
2020-01-21 04:00:00,1,6434.88,6556.56
2020-01-21 12:30:00,1,9196.29,8789.01
2020-01-21 13:00:00,1,9488.34,8889.2
2020-01-21 13:30:00,1,9764.32,9029.27
2020-01-21 14:00:00,1,9960.84,9188.72
2020-01-21 14:30:00,1,10180.51,9327.44
2020-01-21 15:00:00,1,10375.38,9500.28
2020-01-21 15:30:00,1,10707.89,9678.29
2020-01-21 16:00:00,1,10918.92,9819.72
2020-01-21 16:30:00,1,11266.51,9887.26
2020-01-21 17:00:00,1,11515.49,9971.25
2020-01-21 17:30:00,1,11679.1,10014.91
2020-01-21 18:00:00,1,11528.38,9947.01
2020-01-21 18:30:00,1,11495.35,9691.1
2020-01-21 19:00:00,1,11251.27,9522.2
2020-01-21 19:30:00,1,10961.66,9294.85
2020-01-21 20:00:00,1,10702.79,9175.11
2020-01-21 20:30:00,1,10585.51,8953.39
2020-01-21 21:00:00,1,10242.6,8670.14
2020-01-21 21:30:00,1,9811.46,8540.02
2020-01-21 22:00:00,1,9468.69,8324.94
2020-01-21 22:30:00,1,9039.38,8117.29
2020-01-21 23:00:00,1,8745.45,7921.78
2020-01-21 23:30:00,1,8379.78,7715.49
2020-01-22 00:00:00,1,8080.54,7563.22
2020-01-22 00:30:00,1,7874.24,7402.38
2020-01-22 01:00:00,1,7649.19,7210.44
2020-01-22 01:30:00,1,7383.78,6958.91
2020-01-22 02:00:00,1,7032.61,6758.24
2020-01-22 02:30:00,1,6798.68,6600.49
2020-01-22 03:00:00,1,6642.47,6513.71
2020-01-22 03:30:00,1,6600.81,6505.88
2020-01-22 04:00:00,1,6582.13,6563.85
2020-01-22 12:30:00,1,11712.42,9165.44
2020-01-22 13:00:00,1,11918.68,9350.93
2020-01-22 13:30:00,1,11950.46,9568.6
2020-01-22 14:00:00,1,12261.87,9781.53
2020-01-22 14:30:00,1,12511.73,10015.3
2020-01-22 15:00:00,1,12674.07,10280.66
2020-01-22 15:30:00,1,12920.23,10509.77
2020-01-22 16:00:00,1,12861.33,10729.42
2020-01-22 16:30:00,1,13093.58,10876.62
2020-01-22 17:00:00,1,13215.23,11006.67
2020-01-22 17:30:00,1,13330.14,11016.48
2020-01-22 18:00:00,1,13166.18,10947.31
2020-01-22 18:30:00,1,12780.53,10722.84
2020-01-22 19:00:00,1,12601.19,10486.57
2020-01-22 19:30:00,1,12531.11,10264.88
2020-01-22 20:00:00,1,12328.18,10113.0
2020-01-22 20:30:00,1,12340.1,9804.95
2020-01-22 21:00:00,1,12092.42,9448.33
2020-01-22 21:30:00,1,11680.73,9169.26
2020-01-22 22:00:00,1,11195.89,8846.59
2020-01-22 22:30:00,1,10615.17,8591.62
2020-01-22 23:00:00,1,10252.59,8312.89
2020-01-22 23:30:00,1,9810.02,8026.01
2020-01-23 00:00:00,1,9417.32,7842.93
2020-01-23 00:30:00,1,9150.49,7672.45
2020-01-23 01:00:00,1,8799.92,7462.96
2020-01-23 01:30:00,1,8503.32,7210.72
2020-01-23 02:00:00,1,8210.37,7002.51
2020-01-23 02:30:00,1,8020.1,6866.96
2020-01-23 03:00:00,1,7824.24,6751.23
2020-01-23 03:30:00,1,7664.37,6763.92
2020-01-23 04:00:00,1,7565.86,6812.57
2020-01-23 12:30:00,1,9048.64,11238.88
2020-01-23 13:00:00,1,9057.99,11502.31
2020-01-23 13:30:00,1,9064.7,11758.13
2020-01-23 14:00:00,1,9077.54,12038.58
2020-01-23 14:30:00,1,9170.1,12265.82
2020-01-23 15:00:00,1,9099.45,12365.06
2020-01-23 15:30:00,1,9161.06,12500.36
2020-01-23 16:00:00,1,9443.1,12774.17
2020-01-23 16:30:00,1,9730.72,12889.31
2020-01-23 17:00:00,1,9901.02,12877.56
2020-01-23 17:30:00,1,10052.6,12567.14
2020-01-23 18:00:00,1,9896.36,12353.41
2020-01-23 18:30:00,1,9841.21,12188.3
2020-01-23 19:00:00,1,9722.92,11923.66
2020-01-23 19:30:00,1,9578.78,11833.9
2020-01-23 20:00:00,1,9568.02,11633.57
2020-01-23 20:30:00,1,9384.13,11384.45
2020-01-23 21:00:00,1,9222.65,10932.36
2020-01-23 21:30:00,1,8989.76,10566.75
2020-01-23 22:00:00,1,8893.64,10070.48
2020-01-23 22:30:00,1,8658.46,9615.82
2020-01-23 23:00:00,1,8507.36,9206.54
2020-01-23 23:30:00,1,8316.6,8829.34
2020-01-24 00:00:00,1,8086.44,8558.71
2020-01-24 00:30:00,1,7867.19,8274.26
2020-01-24 01:00:00,1,7665.76,7993.93
2020-01-24 01:30:00,1,7420.72,7660.76
2020-01-24 02:00:00,1,7079.81,7446.64
2020-01-24 02:30:00,1,6900.41,7337.52
2020-01-24 03:00:00,1,6723.64,7247.29
2020-01-24 03:30:00,1,6631.74,7200.68
2020-01-24 04:00:00,1,6599.88,7252.45
2020-01-24 12:30:00,1,8455.7,9308.14
2020-01-24 13:00:00,1,8605.52,9366.35
2020-01-24 13:30:00,1,8723.96,9463.69
2020-01-24 14:00:00,1,8771.9,9520.76
2020-01-24 14:30:00,1,8917.57,9656.8
2020-01-24 15:00:00,1,9029.39,9866.7
2020-01-24 15:30:00,1,9144.26,10006.38
2020-01-24 16:00:00,1,9319.21,10173.41
2020-01-24 16:30:00,1,9451.77,10283.11
2020-01-24 17:00:00,1,9619.07,10300.98
2020-01-24 17:30:00,1,9750.46,10318.54
2020-01-24 18:00:00,1,9846.76,10227.34
2020-01-24 18:30:00,1,9861.13,9986.55
2020-01-24 19:00:00,1,9781.68,9802.29
2020-01-24 19:30:00,1,9654.84,9664.37
2020-01-24 20:00:00,1,9576.82,9548.96
2020-01-24 20:30:00,1,9504.24,9308.24
2020-01-24 21:00:00,1,9317.93,9056.42
2020-01-24 21:30:00,1,9127.75,8908.13
2020-01-24 22:00:00,1,8968.67,8705.6
2020-01-24 22:30:00,1,8773.06,8575.84
2020-01-24 23:00:00,1,8631.8,8366.09
2020-01-24 23:30:00,1,8308.44,8092.27
2020-01-26 00:00:00,1,8054.86,7559.04
2020-01-26 00:30:00,1,7802.55,7412.64
2020-01-26 01:00:00,1,7562.65,7253.0
2020-01-26 01:30:00,1,7314.49,7031.55
2020-01-26 02:00:00,1,7035.45,6826.06
2020-01-26 02:30:00,1,6862.89,6698.65
2020-01-26 03:00:00,1,6753.03,6624.99
2020-01-26 03:30:00,1,6654.65,6613.58
2020-01-26 04:00:00,1,6647.04,6637.86
2020-01-26 12:30:00,1,8791.17,9141.86
2020-01-26 13:00:00,1,8897.82,9285.49
2020-01-26 13:30:00,1,8947.65,9425.84
2020-01-26 14:00:00,1,9181.27,9630.99
2020-01-26 14:30:00,1,9447.61,9806.16
2020-01-26 15:00:00,1,9683.71,10012.62
2020-01-26 15:30:00,1,9940.52,10215.07
2020-01-26 16:00:00,1,10198.22,10508.39
2020-01-26 16:30:00,1,10468.35,10743.26
2020-01-26 17:00:00,1,10779.19,10885.56
2020-01-26 17:30:00,1,10981.89,10795.98
2020-01-26 18:00:00,1,11041.57,10719.47
2020-01-26 18:30:00,1,11056.05,10534.21
2020-01-26 19:00:00,1,10859.12,10354.29
2020-01-26 19:30:00,1,10549.96,10267.07
2020-01-26 20:00:00,1,10291.58,10160.66
2020-01-26 20:30:00,1,10135.39,9935.89
2020-01-26 21:00:00,1,9868.75,9646.46
2020-01-26 21:30:00,1,9522.18,9349.03
2020-01-26 22:00:00,1,9241.31,9032.35
2020-01-26 22:30:00,1,8965.1,8707.45
2020-01-26 23:00:00,1,8680.67,8441.14
2020-01-26 23:30:00,1,8352.42,8133.73
2020-01-28 00:00:00,1,8342.08,7834.31
2020-01-28 00:30:00,1,8114.29,7641.71
2020-01-28 01:00:00,1,7887.88,7444.58
2020-01-28 01:30:00,1,7675.46,7180.92
2020-01-28 02:00:00,1,7336.8,6998.76
2020-01-28 02:30:00,1,7192.59,6893.51
2020-01-28 03:00:00,1,7021.67,6829.02
2020-01-28 03:30:00,1,6939.09,6846.07
2020-01-28 04:00:00,1,6929.11,6922.36
2020-01-28 12:30:00,1,9477.21,10433.43
2020-01-28 13:00:00,1,9579.67,10596.93
2020-01-28 13:30:00,1,9756.1,10786.14
2020-01-28 14:00:00,1,9869.12,10970.84
2020-01-28 14:30:00,1,9962.97,11128.59
2020-01-28 15:00:00,1,10151.08,11363.14
2020-01-28 15:30:00,1,10346.34,11611.2
2020-01-28 16:00:00,1,10521.6,11812.64
2020-01-28 16:30:00,1,10688.72,11863.56
2020-01-28 17:00:00,1,10710.19,11908.17
2020-01-28 17:30:00,1,10778.14,11721.6
2020-01-28 18:00:00,1,10531.5,11468.82
2020-01-28 18:30:00,1,10439.31,11230.13
2020-01-28 19:00:00,1,10217.73,10979.81
2020-01-28 19:30:00,1,9962.71,10764.35
2020-01-28 20:00:00,1,9817.03,10575.06
2020-01-28 20:30:00,1,9698.97,10263.1
2020-01-28 21:00:00,1,9449.87,9870.33
2020-01-28 21:30:00,1,9059.23,9599.31
2020-01-28 22:00:00,1,8842.63,9218.77
2020-01-28 22:30:00,1,8520.88,8926.84
2020-01-28 23:00:00,1,8330.3,8604.85
2020-01-28 23:30:00,1,8065.58,8280.54
2020-01-31 00:00:00,1,9282.39,8087.92
2020-01-31 00:30:00,1,8971.44,7887.43
2020-01-31 01:00:00,1,8565.63,7667.66
2020-01-31 01:30:00,1,8275.4,7398.41
2020-01-31 02:00:00,1,7854.8,7179.49
2020-01-31 02:30:00,1,7645.57,7038.99
2020-01-31 03:00:00,1,7521.21,6959.32
2020-01-31 03:30:00,1,7389.93,6944.38
2020-01-31 04:00:00,1,7404.46,7006.8
2020-01-31 12:30:00,1,12047.17,10817.94
2020-01-31 13:00:00,1,12220.43,11080.87
2020-01-31 13:30:00,1,12358.64,11309.22
2020-01-31 14:00:00,1,12507.8,11591.65
2020-01-31 14:30:00,1,12612.76,11884.53
2020-01-31 15:00:00,1,12769.86,12215.46
2020-01-31 15:30:00,1,12954.7,12437.3
2020-01-31 16:00:00,1,13164.26,12764.54
2020-01-31 16:30:00,1,13363.0,12964.43
2020-01-31 17:00:00,1,13464.42,12954.72
2020-01-31 17:30:00,1,13621.75,12544.82
2020-01-31 18:00:00,1,13634.63,12206.67
2020-01-31 18:30:00,1,13588.73,11842.03
2020-01-31 19:00:00,1,13441.78,11500.96
2020-01-31 19:30:00,1,13182.2,11350.28
2020-01-31 20:00:00,1,13057.93,11066.28
2020-01-31 20:30:00,1,12978.96,10740.12
2020-01-31 21:00:00,1,12743.92,10376.92
2020-01-31 21:30:00,1,12425.11,10074.22
2020-01-31 22:00:00,1,12010.47,9712.66
2020-01-31 22:30:00,1,11516.78,9425.89
2020-01-31 23:00:00,1,11058.84,9058.1
2020-01-31 23:30:00,1,10476.52,8792.44
2020-02-01 00:00:00,1,10010.62,8537.13
2020-02-01 00:30:00,1,9625.97,8287.82
2020-02-01 01:00:00,1,9316.83,8059.35
2020-02-01 01:30:00,1,9011.31,7738.47
2020-02-01 02:00:00,1,8673.05,7516.53
2020-02-01 02:30:00,1,8387.66,7353.17
2020-02-01 03:00:00,1,8244.76,7238.57
2020-02-01 03:30:00,1,8079.16,7123.36
2020-02-01 04:00:00,1,7977.6,7070.82
2020-02-01 12:30:00,1,10478.02,11721.18
2020-02-01 13:00:00,1,10654.43,11898.11
2020-02-01 13:30:00,1,10808.28,12035.91
2020-02-01 14:00:00,1,10882.58,12229.82
2020-02-01 14:30:00,1,10853.24,12388.88
2020-02-01 15:00:00,1,10909.45,12616.55
2020-02-01 15:30:00,1,10938.26,12703.51
2020-02-01 16:00:00,1,10814.25,12888.73
2020-02-01 16:30:00,1,10750.19,12991.86
2020-02-01 17:00:00,1,10601.67,13115.96
2020-02-01 17:30:00,1,10631.24,13070.04
2020-02-01 18:00:00,1,10371.08,12964.9
2020-02-01 18:30:00,1,10150.61,12630.05
2020-02-01 19:00:00,1,9938.27,12392.61
2020-02-01 19:30:00,1,9690.27,12155.87
2020-02-01 20:00:00,1,9620.86,11942.8
2020-02-01 20:30:00,1,9467.15,11885.46
2020-02-01 21:00:00,1,9221.69,11425.33
2020-02-01 21:30:00,1,8970.88,10997.42
2020-02-01 22:00:00,1,8719.15,10454.79
2020-02-01 22:30:00,1,8469.84,10133.05
2020-02-01 23:00:00,1,8307.68,9626.1
2020-02-01 23:30:00,1,7994.77,9229.69
2020-02-03 00:00:00,1,7314.38,8059.18
2020-02-03 00:30:00,1,7126.4,7739.6
2020-02-03 01:00:00,1,6993.88,7428.99
2020-02-03 01:30:00,1,6746.38,7093.94
2020-02-03 02:00:00,1,6506.82,6890.71
2020-02-03 02:30:00,1,6268.91,6833.98
2020-02-03 03:00:00,1,6216.28,6791.35
2020-02-03 03:30:00,1,6182.27,6862.69
2020-02-03 04:00:00,1,6216.82,6951.57
2020-02-03 12:30:00,1,7577.48,9667.34
2020-02-03 13:00:00,1,7618.84,9750.08
2020-02-03 13:30:00,1,7700.72,9894.72
2020-02-03 14:00:00,1,7694.21,9990.37
2020-02-03 14:30:00,1,7707.08,10087.85
2020-02-03 15:00:00,1,7734.19,10308.1
2020-02-03 15:30:00,1,7774.48,10428.25
2020-02-03 16:00:00,1,7887.13,10572.9
2020-02-03 16:30:00,1,7987.52,10593.2
2020-02-03 17:00:00,1,8075.61,10635.4
2020-02-03 17:30:00,1,8165.92,10484.79
2020-02-03 18:00:00,1,8075.96,10359.72
2020-02-03 18:30:00,1,8166.43,10067.33
2020-02-03 19:00:00,1,8164.89,9856.79
2020-02-03 19:30:00,1,8003.92,9690.36
2020-02-03 20:00:00,1,8036.63,9509.39
2020-02-03 20:30:00,1,7937.09,9225.99
2020-02-03 21:00:00,1,7789.66,8870.2
2020-02-03 21:30:00,1,7552.35,8657.69
2020-02-03 22:00:00,1,7491.03,8359.77
2020-02-03 22:30:00,1,7307.53,8137.47
2020-02-03 23:00:00,1,7308.79,7898.46
2020-02-03 23:30:00,1,7163.12,7684.46
2020-02-11 00:00:00,1,7693.42,7767.31
2020-02-11 00:30:00,1,7536.47,7594.85
2020-02-11 01:00:00,1,7364.4,7385.96
2020-02-11 01:30:00,1,7151.98,7140.59
2020-02-11 02:00:00,1,6859.71,6944.65
2020-02-11 02:30:00,1,6600.5,6803.53
2020-02-11 03:00:00,1,6467.66,6729.03
2020-02-11 03:30:00,1,6423.19,6736.38
2020-02-11 04:00:00,1,6426.42,6796.98
2020-02-11 12:30:00,1,8853.7,9660.53
2020-02-11 13:00:00,1,8871.87,9782.4
2020-02-11 13:30:00,1,8886.83,9841.83
2020-02-11 14:00:00,1,8916.69,9903.33
2020-02-11 14:30:00,1,8919.06,9970.68
2020-02-11 15:00:00,1,8970.57,10055.42
2020-02-11 15:30:00,1,9128.86,10171.28
2020-02-11 16:00:00,1,9266.83,10221.24
2020-02-11 16:30:00,1,9287.37,10278.4
2020-02-11 17:00:00,1,9371.34,10308.41
2020-02-11 17:30:00,1,9397.17,10320.62
2020-02-11 18:00:00,1,9245.02,10251.62
2020-02-11 18:30:00,1,9246.48,10098.19
2020-02-11 19:00:00,1,9173.12,9919.31
2020-02-11 19:30:00,1,9038.06,9881.68
2020-02-11 20:00:00,1,8970.1,9781.78
2020-02-11 20:30:00,1,8822.13,9567.2
2020-02-11 21:00:00,1,8647.02,9287.49
2020-02-11 21:30:00,1,8366.24,9063.56
2020-02-11 22:00:00,1,8180.62,8769.28
2020-02-11 22:30:00,1,8005.06,8568.24
2020-02-11 23:00:00,1,7897.61,8321.15
2020-02-11 23:30:00,1,7746.77,8076.3
2020-02-18 00:00:00,1,7407.06,7560.8
2020-02-18 00:30:00,1,7215.8,7400.17
2020-02-18 01:00:00,1,6993.5,7212.8
2020-02-18 01:30:00,1,6776.62,6965.62
2020-02-18 02:00:00,1,6526.33,6762.53
2020-02-18 02:30:00,1,6350.83,6620.75
2020-02-18 03:00:00,1,6252.81,6568.21
2020-02-18 03:30:00,1,6177.25,6572.97
2020-02-18 04:00:00,1,6229.08,6647.12
2020-02-18 12:30:00,1,7729.53,9440.51
2020-02-18 13:00:00,1,7850.62,9581.99
2020-02-18 13:30:00,1,7896.45,9849.09
2020-02-18 14:00:00,1,8022.14,10082.66
2020-02-18 14:30:00,1,8093.64,10256.97
2020-02-18 15:00:00,1,8237.02,10515.92
2020-02-18 15:30:00,1,8405.03,10745.83
2020-02-18 16:00:00,1,8598.91,10946.66
2020-02-18 16:30:00,1,8783.6,11131.92
2020-02-18 17:00:00,1,8918.77,11245.83
2020-02-18 17:30:00,1,9079.39,11301.19
2020-02-18 18:00:00,1,9088.44,11268.58
2020-02-18 18:30:00,1,9104.13,11076.64
2020-02-18 19:00:00,1,9025.16,10906.83
2020-02-18 19:30:00,1,8824.34,10762.67
2020-02-18 20:00:00,1,8799.69,10525.98
2020-02-18 20:30:00,1,8737.99,10244.46
2020-02-18 21:00:00,1,8520.8,9815.11
2020-02-18 21:30:00,1,8245.55,9549.88
2020-02-18 22:00:00,1,7991.39,9155.73
2020-02-18 22:30:00,1,7861.89,8852.43
2020-02-18 23:00:00,1,7751.04,8546.48
2020-02-18 23:30:00,1,7548.59,8290.37
2020-02-26 00:00:00,1,7426.65,7605.05
2020-02-26 00:30:00,1,7360.15,7427.12
2020-02-26 01:00:00,1,7147.5,7218.81
2020-02-26 01:30:00,1,6964.16,6939.74
2020-02-26 02:00:00,1,6647.16,6718.52
2020-02-26 02:30:00,1,6466.63,6550.23
2020-02-26 03:00:00,1,6362.13,6466.31
2020-02-26 03:30:00,1,6312.65,6461.77
2020-02-26 04:00:00,1,6318.93,6519.39
2020-02-26 12:30:00,1,7809.75,9325.69
2020-02-26 13:00:00,1,7830.9,9461.51
2020-02-26 13:30:00,1,7791.42,9674.73
2020-02-26 14:00:00,1,7796.02,9828.05
2020-02-26 14:30:00,1,7841.9,10106.27
2020-02-26 15:00:00,1,7847.06,10313.02
2020-02-26 15:30:00,1,8042.48,10545.51
2020-02-26 16:00:00,1,8190.89,10795.59
2020-02-26 16:30:00,1,8464.91,10976.82
2020-02-26 17:00:00,1,8673.78,11048.75
2020-02-26 17:30:00,1,8883.24,10951.0
2020-02-26 18:00:00,1,8978.32,10778.17
2020-02-26 18:30:00,1,9024.06,10559.17
2020-02-26 19:00:00,1,8885.88,10325.86
2020-02-26 19:30:00,1,8867.67,9913.98
2020-02-26 20:00:00,1,8900.3,9645.3
2020-02-26 20:30:00,1,8749.42,9116.81
2020-02-26 21:00:00,1,8487.09,8749.77
2020-02-26 21:30:00,1,8201.71,8494.24
2020-02-26 22:00:00,1,8044.59,8202.56
2020-02-26 22:30:00,1,7899.8,7983.42
2020-02-26 23:00:00,1,7773.59,7764.29
2020-02-26 23:30:00,1,7663.61,7606.5
2020-03-02 00:00:00,1,7515.62,7020.68
2020-03-02 00:30:00,1,7363.01,6773.9
2020-03-02 01:00:00,1,7162.7,6504.46
2020-03-02 01:30:00,1,6952.46,6209.58
2020-03-02 02:00:00,1,6694.95,6032.13
2020-03-02 02:30:00,1,6468.92,5961.09
2020-03-02 03:00:00,1,6397.58,5967.35
2020-03-02 03:30:00,1,6332.13,6046.42
2020-03-02 04:00:00,1,6399.08,6154.82
2020-03-02 12:30:00,1,8466.6,9133.75
2020-03-02 13:00:00,1,8457.72,9310.53
2020-03-02 13:30:00,1,8450.47,9505.37
2020-03-02 14:00:00,1,8508.29,9712.06
2020-03-02 14:30:00,1,8502.85,9880.13
2020-03-02 15:00:00,1,8471.06,10115.74
2020-03-02 15:30:00,1,8512.78,10201.08
2020-03-02 16:00:00,1,8640.65,10323.05
2020-03-02 16:30:00,1,8644.5,10307.62
2020-03-02 17:00:00,1,8680.12,10357.31
2020-03-02 17:30:00,1,8786.32,10256.02
2020-03-02 18:00:00,1,8723.8,10101.4
2020-03-02 18:30:00,1,8695.7,9805.29
2020-03-02 19:00:00,1,8615.51,9595.67
2020-03-02 19:30:00,1,8527.35,9474.89
2020-03-02 20:00:00,1,8460.99,9208.69
2020-03-02 20:30:00,1,8217.91,8927.85
2020-03-02 21:00:00,1,8072.98,8576.22
2020-03-02 21:30:00,1,7811.13,8353.61
2020-03-02 22:00:00,1,7709.73,8092.12
2020-03-02 22:30:00,1,7557.99,7831.11
2020-03-02 23:00:00,1,7505.77,7616.55
2020-03-02 23:30:00,1,7403.91,7406.88
2020-03-19 00:00:00,1,7286.84,7094.53
2020-03-19 00:30:00,1,7188.84,6949.03
2020-03-19 01:00:00,1,7016.52,6793.42
2020-03-19 01:30:00,1,6783.71,6530.96
2020-03-19 02:00:00,1,6474.48,6301.09
2020-03-19 02:30:00,1,6272.24,6165.61
2020-03-19 03:00:00,1,6144.32,6106.61
2020-03-19 03:30:00,1,6054.53,6111.39
2020-03-19 04:00:00,1,6052.84,6180.54
2020-03-19 12:30:00,1,7942.66,7649.48
2020-03-19 13:00:00,1,8100.3,7770.67
2020-03-19 13:30:00,1,8292.76,7952.7
2020-03-19 14:00:00,1,8480.66,8138.24
2020-03-19 14:30:00,1,8730.82,8315.63
2020-03-19 15:00:00,1,8932.5,8577.57
2020-03-19 15:30:00,1,9288.57,8819.39
2020-03-19 16:00:00,1,9580.67,9075.81
2020-03-19 16:30:00,1,9826.16,9256.21
2020-03-19 17:00:00,1,10070.55,9419.31
2020-03-19 17:30:00,1,10226.72,9451.18
2020-03-19 18:00:00,1,10137.08,9469.56
2020-03-19 18:30:00,1,10008.15,9446.75
2020-03-19 19:00:00,1,9769.73,9307.54
2020-03-19 19:30:00,1,9661.56,9056.83
2020-03-19 20:00:00,1,9368.56,8825.69
2020-03-19 20:30:00,1,9062.38,8452.38
2020-03-19 21:00:00,1,8731.08,8184.37
2020-03-19 21:30:00,1,8381.84,8032.49
2020-03-19 22:00:00,1,8194.95,7842.17
2020-03-19 22:30:00,1,7933.95,7685.29
2020-03-19 23:00:00,1,7854.26,7519.55
2020-03-19 23:30:00,1,7622.13,7366.95
2020-03-20 00:00:00,1,7423.69,7217.88
2020-03-20 00:30:00,1,7276.97,7057.16
2020-03-20 01:00:00,1,7089.35,6880.01
2020-03-20 01:30:00,1,6844.0,6612.4
2020-03-20 02:00:00,1,6554.86,6375.64
2020-03-20 02:30:00,1,6353.7,6263.3
2020-03-20 03:00:00,1,6210.87,6197.71
2020-03-20 03:30:00,1,6134.9,6212.47
2020-03-20 04:00:00,1,6086.01,6280.18
2020-03-20 12:30:00,1,6868.07,8371.49
2020-03-20 13:00:00,1,6799.36,8517.51
2020-03-20 13:30:00,1,6796.87,8725.7
2020-03-20 14:00:00,1,6809.21,8953.13
2020-03-20 14:30:00,1,6834.02,9177.87
2020-03-20 15:00:00,1,6812.99,9447.96
2020-03-20 15:30:00,1,6934.38,9663.73
2020-03-20 16:00:00,1,7125.48,9929.13
2020-03-20 16:30:00,1,7405.29,10053.13
2020-03-20 17:00:00,1,7590.43,10155.25
2020-03-20 17:30:00,1,7847.49,10017.3
2020-03-20 18:00:00,1,7988.74,9943.08
2020-03-20 18:30:00,1,8045.09,9774.48
2020-03-20 19:00:00,1,8088.67,9580.04
2020-03-20 19:30:00,1,8131.27,9264.53
2020-03-20 20:00:00,1,7923.02,9040.73
2020-03-20 20:30:00,1,7670.83,8680.31
2020-03-20 21:00:00,1,7495.91,8405.8
2020-03-20 21:30:00,1,7324.36,8219.98
2020-03-20 22:00:00,1,7297.76,8021.03
2020-03-20 22:30:00,1,7145.38,7890.86
2020-03-20 23:00:00,1,7186.08,7717.9
2020-03-20 23:30:00,1,6999.63,7562.53
2020-09-03 00:00:00,1,7439.78,7751.82
2020-09-03 00:30:00,1,7374.89,7601.5
2020-09-03 01:00:00,1,7322.77,7437.92
2020-09-03 01:30:00,1,7171.49,7246.31
2020-09-03 02:00:00,1,7059.74,7034.23
2020-09-03 02:30:00,1,6788.51,6735.2
2020-09-03 03:00:00,1,6533.09,6497.88
2020-09-03 03:30:00,1,6342.49,6319.41
2020-09-03 04:00:00,1,6146.84,6200.41
2020-09-03 12:30:00,1,7517.13,6674.57
2020-09-03 13:00:00,1,7490.54,6715.62
2020-09-03 13:30:00,1,7451.85,6780.97
2020-09-03 14:00:00,1,7460.68,6880.77
2020-09-03 14:30:00,1,7492.79,7003.35
2020-09-03 15:00:00,1,7529.07,7150.35
2020-09-03 15:30:00,1,7464.71,7325.41
2020-09-03 16:00:00,1,7619.15,7580.27
2020-09-03 16:30:00,1,7890.72,7872.83
2020-09-03 17:00:00,1,8024.05,8132.08
2020-09-03 17:30:00,1,8343.57,8438.44
2020-09-03 18:00:00,1,8641.72,8855.66
2020-09-03 18:30:00,1,8920.56,9119.3
2020-09-03 19:00:00,1,9018.9,9065.28
2020-09-03 19:30:00,1,8918.19,8831.39
2020-09-03 20:00:00,1,8670.1,8588.49
2020-09-03 20:30:00,1,8470.34,8418.13
2020-09-03 21:00:00,1,8339.79,8221.68
2020-09-03 21:30:00,1,8199.2,8031.21
2020-09-03 22:00:00,1,8010.63,7842.84
2020-09-03 22:30:00,1,7799.58,7776.52
2020-09-03 23:00:00,1,7869.54,7650.85
2020-09-03 23:30:00,1,7760.64,7565.41
2020-09-17 00:00:00,1,7317.3,7225.81
2020-09-17 00:30:00,1,7254.4,7120.83
2020-09-17 01:00:00,1,7120.12,6963.81
2020-09-17 01:30:00,1,6957.35,6743.76
2020-09-17 02:00:00,1,6793.42,6536.34
2020-09-17 02:30:00,1,6556.62,6261.46
2020-09-17 03:00:00,1,6378.96,6056.2
2020-09-17 03:30:00,1,6184.52,5930.25
2020-09-17 04:00:00,1,6082.3,5868.58
2020-09-17 12:30:00,1,7706.81,6537.17
2020-09-17 13:00:00,1,7658.03,6628.68
2020-09-17 13:30:00,1,7634.58,6725.08
2020-09-17 14:00:00,1,7532.01,6842.85
2020-09-17 14:30:00,1,7543.16,7029.26
2020-09-17 15:00:00,1,7547.37,7237.72
2020-09-17 15:30:00,1,7573.63,7451.32
2020-09-17 16:00:00,1,7638.62,7646.06
2020-09-17 16:30:00,1,7797.52,7847.96
2020-09-17 17:00:00,1,7962.76,8069.0
2020-09-17 17:30:00,1,8261.47,8191.81
2020-09-17 18:00:00,1,8517.95,8366.55
2020-09-17 18:30:00,1,8826.08,8639.87
2020-09-17 19:00:00,1,9001.94,8609.08
2020-09-17 19:30:00,1,8845.73,8353.09
2020-09-17 20:00:00,1,8626.74,8107.39
2020-09-17 20:30:00,1,8359.8,7929.57
2020-09-17 21:00:00,1,8175.69,7744.62
2020-09-17 21:30:00,1,7987.61,7592.47
2020-09-17 22:00:00,1,7805.38,7426.29
2020-09-17 22:30:00,1,7674.76,7390.86
2020-09-17 23:00:00,1,7764.97,7319.03
2020-09-17 23:30:00,1,7606.16,7271.38
2020-10-05 00:00:00,1,6808.97,6350.97
2020-10-05 00:30:00,1,6814.93,6203.35
2020-10-05 01:00:00,1,6642.75,6041.07
2020-10-05 01:30:00,1,6412.56,5797.86
2020-10-05 02:00:00,1,6118.29,5638.72
2020-10-05 02:30:00,1,5881.18,5501.09
2020-10-05 03:00:00,1,5783.12,5432.39
2020-10-05 03:30:00,1,5730.59,5399.66
2020-10-05 04:00:00,1,5708.99,5398.94
2020-10-05 12:30:00,1,7186.08,5785.9
2020-10-05 13:00:00,1,7159.64,5905.99
2020-10-05 13:30:00,1,7132.48,6068.9
2020-10-05 14:00:00,1,7188.42,6216.0
2020-10-05 14:30:00,1,7263.03,6323.68
2020-10-05 15:00:00,1,7203.75,6539.45
2020-10-05 15:30:00,1,7315.34,6821.0
2020-10-05 16:00:00,1,7367.83,7079.19
2020-10-05 16:30:00,1,7523.21,7406.22
2020-10-05 17:00:00,1,7749.22,7750.96
2020-10-05 17:30:00,1,8099.16,7988.25
2020-10-05 18:00:00,1,8197.04,8087.64
2020-10-05 18:30:00,1,8309.65,8122.4
2020-10-05 19:00:00,1,8389.44,8145.82
2020-10-05 19:30:00,1,8285.26,8021.56
2020-10-05 20:00:00,1,8061.36,7843.58
2020-10-05 20:30:00,1,7898.27,7616.39
2020-10-05 21:00:00,1,7749.66,7435.98
2020-10-05 21:30:00,1,7566.96,7240.11
2020-10-05 22:00:00,1,7496.74,7035.12
2020-10-05 22:30:00,1,7430.0,7009.51
2020-10-05 23:00:00,1,7328.71,6946.23
2020-10-05 23:30:00,1,7253.27,6866.34
2020-11-12 00:00:00,1,7363.42,7027.59
2020-11-12 00:30:00,1,7220.4,6903.54
2020-11-12 01:00:00,1,6946.67,6746.5
2020-11-12 01:30:00,1,6673.65,6505.09
2020-11-12 02:00:00,1,6467.7,6274.0
2020-11-12 02:30:00,1,6255.96,6129.06
2020-11-12 03:00:00,1,6099.71,6051.82
2020-11-12 03:30:00,1,6056.75,6039.87
2020-11-12 04:00:00,1,6043.69,6094.74
2020-11-12 12:30:00,1,7466.87,7342.78
2020-11-12 13:00:00,1,7234.06,7419.94
2020-11-12 13:30:00,1,7145.33,7478.78
2020-11-12 14:00:00,1,7434.38,7539.61
2020-11-12 14:30:00,1,7822.32,7662.41
2020-11-12 15:00:00,1,8039.33,7841.93
2020-11-12 15:30:00,1,8032.22,8006.31
2020-11-12 16:00:00,1,7738.35,8219.41
2020-11-12 16:30:00,1,7807.13,8433.35
2020-11-12 17:00:00,1,7681.76,8624.17
2020-11-12 17:30:00,1,7719.87,8639.9
2020-11-12 18:00:00,1,7718.74,8632.75
2020-11-12 18:30:00,1,7926.33,8554.31
2020-11-12 19:00:00,1,7866.65,8505.9
2020-11-12 19:30:00,1,7884.78,8455.31
2020-11-12 20:00:00,1,7862.0,8241.25
2020-11-12 20:30:00,1,7752.64,8011.96
2020-11-12 21:00:00,1,7575.13,7781.88
2020-11-12 21:30:00,1,7419.46,7666.33
2020-11-12 22:00:00,1,7435.35,7512.96
2020-11-12 22:30:00,1,7376.17,7468.28
2020-11-12 23:00:00,1,7342.41,7362.71
2020-11-12 23:30:00,1,6942.86,7206.57
2020-11-16 00:00:00,1,7498.81,6705.86
2020-11-16 00:30:00,1,7344.32,6563.6
2020-11-16 01:00:00,1,7157.44,6391.13
2020-11-16 01:30:00,1,6892.46,6186.14
2020-11-16 02:00:00,1,6589.36,5993.21
2020-11-16 02:30:00,1,6347.25,5881.07
2020-11-16 03:00:00,1,6239.98,5846.37
2020-11-16 03:30:00,1,6149.21,5885.86
2020-11-16 04:00:00,1,6163.31,5971.1
2020-11-16 12:30:00,1,7149.6,8798.86
2020-11-16 13:00:00,1,7166.82,9034.49
2020-11-16 13:30:00,1,7182.09,9349.87
2020-11-16 14:00:00,1,7278.46,9643.95
2020-11-16 14:30:00,1,7349.61,9988.91
2020-11-16 15:00:00,1,7442.32,10289.14
2020-11-16 15:30:00,1,7639.02,10542.79
2020-11-16 16:00:00,1,7756.3,10682.96
2020-11-16 16:30:00,1,7986.06,10802.09
2020-11-16 17:00:00,1,8139.07,10887.99
2020-11-16 17:30:00,1,8334.07,10859.81
2020-11-16 18:00:00,1,8338.27,10753.3
2020-11-16 18:30:00,1,8269.01,10492.04
2020-11-16 19:00:00,1,8204.59,10244.83
2020-11-16 19:30:00,1,8164.92,10048.22
2020-11-16 20:00:00,1,8147.93,9738.68
2020-11-16 20:30:00,1,7932.43,9434.84
2020-11-16 21:00:00,1,7760.82,9074.32
2020-11-16 21:30:00,1,7512.03,8787.28
2020-11-16 22:00:00,1,7436.21,8482.31
2020-11-16 22:30:00,1,7302.41,8234.95
2020-11-16 23:00:00,1,7247.57,7966.81
2020-11-16 23:30:00,1,7164.52,7679.38
2020-11-20 00:00:00,1,7382.77,7142.63
2020-11-20 00:30:00,1,7217.01,7020.45
2020-11-20 01:00:00,1,7005.51,6824.43
2020-11-20 01:30:00,1,6771.04,6576.0
2020-11-20 02:00:00,1,6478.48,6374.01
2020-11-20 02:30:00,1,6231.08,6242.56
2020-11-20 03:00:00,1,6053.9,6158.53
2020-11-20 03:30:00,1,6051.38,6159.7
2020-11-20 04:00:00,1,6018.39,6238.43
2020-11-20 12:30:00,1,6432.2,8177.53
2020-11-20 13:00:00,1,6514.02,8430.87
2020-11-20 13:30:00,1,6574.69,8709.95
2020-11-20 14:00:00,1,6659.95,8855.77
2020-11-20 14:30:00,1,6794.83,9065.34
2020-11-20 15:00:00,1,7006.95,9420.47
2020-11-20 15:30:00,1,7316.03,9729.22
2020-11-20 16:00:00,1,7755.78,9975.58
2020-11-20 16:30:00,1,7980.53,10208.98
2020-11-20 17:00:00,1,8073.83,10338.23
2020-11-20 17:30:00,1,8086.69,10228.3
2020-11-20 18:00:00,1,8169.54,10030.16
2020-11-20 18:30:00,1,8103.98,9771.95
2020-11-20 19:00:00,1,8066.04,9531.55
2020-11-20 19:30:00,1,7974.41,9337.97
2020-11-20 20:00:00,1,7895.68,9103.92
2020-11-20 20:30:00,1,7807.76,8778.33
2020-11-20 21:00:00,1,7628.55,8470.9
2020-11-20 21:30:00,1,7440.68,8260.69
2020-11-20 22:00:00,1,7368.12,8057.21
2020-11-20 22:30:00,1,7296.61,7884.4
2020-11-20 23:00:00,1,7246.38,7709.06
2020-11-20 23:30:00,1,7044.3,7536.9
2020-11-26 00:00:00,1,7477.67,7059.39
2020-11-26 00:30:00,1,7304.31,6890.97
2020-11-26 01:00:00,1,7094.13,6686.68
2020-11-26 01:30:00,1,6810.09,6437.69
2020-11-26 02:00:00,1,6549.75,6217.68
2020-11-26 02:30:00,1,6374.77,6088.99
2020-11-26 03:00:00,1,6250.78,6016.32
2020-11-26 03:30:00,1,6206.05,6015.67
2020-11-26 04:00:00,1,6203.88,6077.83
2020-11-26 12:30:00,1,7446.25,7626.79
2020-11-26 13:00:00,1,7589.84,7840.81
2020-11-26 13:30:00,1,7689.15,8062.56
2020-11-26 14:00:00,1,7912.78,8274.57
2020-11-26 14:30:00,1,8064.41,8507.8
2020-11-26 15:00:00,1,8361.37,8807.62
2020-11-26 15:30:00,1,8738.41,9095.04
2020-11-26 16:00:00,1,9105.85,9353.69
2020-11-26 16:30:00,1,9517.1,9566.03
2020-11-26 17:00:00,1,9809.87,9771.83
2020-11-26 17:30:00,1,10031.9,9841.26
2020-11-26 18:00:00,1,10117.17,9760.7
2020-11-26 18:30:00,1,10054.45,9522.46
2020-11-26 19:00:00,1,9922.87,9306.12
2020-11-26 19:30:00,1,9701.24,9184.4
2020-11-26 20:00:00,1,9590.48,8997.28
2020-11-26 20:30:00,1,9423.15,8714.37
2020-11-26 21:00:00,1,9140.11,8397.17
2020-11-26 21:30:00,1,8835.68,8155.31
2020-11-26 22:00:00,1,8683.02,7918.46
2020-11-26 22:30:00,1,8414.84,7764.86
2020-11-26 23:00:00,1,8280.46,7602.82
2020-11-26 23:30:00,1,8009.34,7416.54
2020-11-28 00:00:00,1,8694.81,7437.85
2020-11-28 00:30:00,1,8388.52,7290.09
2020-11-28 01:00:00,1,8117.26,7108.3
2020-11-28 01:30:00,1,7830.08,6873.53
2020-11-28 02:00:00,1,7534.47,6651.29
2020-11-28 02:30:00,1,7343.85,6507.49
2020-11-28 03:00:00,1,7235.61,6396.58
2020-11-28 03:30:00,1,7184.74,6366.35
2020-11-28 04:00:00,1,7079.19,6371.67
2020-11-28 12:30:00,1,10219.28,9242.37
2020-11-28 13:00:00,1,10460.95,9447.28
2020-11-28 13:30:00,1,10650.43,9590.88
2020-11-28 14:00:00,1,10872.71,9798.66
2020-11-28 14:30:00,1,11119.76,10057.03
2020-11-28 15:00:00,1,11387.43,10485.74
2020-11-28 15:30:00,1,11545.04,10776.72
2020-11-28 16:00:00,1,11620.15,11120.68
2020-11-28 16:30:00,1,11865.01,11387.34
2020-11-28 17:00:00,1,11816.77,11696.85
2020-11-28 17:30:00,1,11620.99,11935.34
2020-11-28 18:00:00,1,11106.3,11849.6
2020-11-28 18:30:00,1,10509.97,11510.11
2020-11-28 19:00:00,1,9934.83,11153.11
2020-11-28 19:30:00,1,9471.48,10918.64
2020-11-28 20:00:00,1,9170.43,10538.24
2020-11-28 20:30:00,1,8966.72,10228.91
2020-11-28 21:00:00,1,8616.82,9868.56
2020-11-28 21:30:00,1,8285.25,9589.59
2020-11-28 22:00:00,1,8008.64,9262.94
2020-11-28 22:30:00,1,7641.57,9007.39
2020-11-28 23:00:00,1,7455.67,8675.16
2020-11-28 23:30:00,1,7151.77,8270.86
2020-11-29 00:00:00,1,6984.19,7926.96
2020-11-29 00:30:00,1,6886.84,7548.51
2020-11-29 01:00:00,1,6753.56,7200.34
2020-11-29 01:30:00,1,6617.71,6795.11
2020-11-29 02:00:00,1,6346.96,6581.22
2020-11-29 02:30:00,1,6194.85,6422.79
2020-11-29 03:00:00,1,6119.22,6373.32
2020-11-29 03:30:00,1,6116.62,6381.24
2020-11-29 04:00:00,1,6131.15,6404.84
2020-11-29 12:30:00,1,7697.32,10018.74
2020-11-29 13:00:00,1,7702.46,10215.03
2020-11-29 13:30:00,1,7661.1,10380.86
2020-11-29 14:00:00,1,7664.46,10598.66
2020-11-29 14:30:00,1,7782.37,10809.71
2020-11-29 15:00:00,1,7823.57,11036.61
2020-11-29 15:30:00,1,7987.97,11219.63
2020-11-29 16:00:00,1,8129.92,11406.17
2020-11-29 16:30:00,1,8310.83,11481.56
2020-11-29 17:00:00,1,8487.59,12041.83
2020-11-29 17:30:00,1,8658.9,12043.93
2020-11-29 18:00:00,1,8704.85,11658.21
2020-11-29 18:30:00,1,8761.81,11069.24
2020-11-29 19:00:00,1,8672.45,10519.51
2020-11-29 19:30:00,1,8610.68,10196.18
2020-11-29 20:00:00,1,8516.48,9817.78
2020-11-29 20:30:00,1,8421.93,9390.01
2020-11-29 21:00:00,1,8183.15,8970.42
2020-11-29 21:30:00,1,7938.8,8610.76
2020-11-29 22:00:00,1,7856.71,8270.86
2020-11-29 22:30:00,1,7683.51,8023.56
2020-11-29 23:00:00,1,7655.45,7745.7
2020-11-29 23:30:00,1,7533.65,7406.47
2020-12-04 00:00:00,1,7402.93,7199.94
2020-12-04 00:30:00,1,7271.08,7043.06
2020-12-04 01:00:00,1,6987.7,6827.95
2020-12-04 01:30:00,1,6826.67,6553.35
2020-12-04 02:00:00,1,6540.5,6341.95
2020-12-04 02:30:00,1,6290.63,6205.26
2020-12-04 03:00:00,1,6192.22,6148.75
2020-12-04 03:30:00,1,6116.68,6137.67
2020-12-04 04:00:00,1,6090.37,6194.02
2020-12-04 12:30:00,1,7205.54,7921.47
2020-12-04 13:00:00,1,7309.57,8147.5
2020-12-04 13:30:00,1,7548.64,8444.57
2020-12-04 14:00:00,1,7657.84,8690.3
2020-12-04 14:30:00,1,7770.2,8929.53
2020-12-04 15:00:00,1,7868.89,9200.06
2020-12-04 15:30:00,1,7875.5,9505.78
2020-12-04 16:00:00,1,7886.76,9872.14
2020-12-04 16:30:00,1,7856.59,10042.01
2020-12-04 17:00:00,1,7969.94,10124.83
2020-12-04 17:30:00,1,8013.77,10015.19
2020-12-04 18:00:00,1,8086.48,9784.96
2020-12-04 18:30:00,1,8138.07,9388.51
2020-12-04 19:00:00,1,8065.06,9038.55
2020-12-04 19:30:00,1,8044.42,8779.86
2020-12-04 20:00:00,1,8037.21,8593.63
2020-12-04 20:30:00,1,8067.83,8280.48
2020-12-04 21:00:00,1,7880.6,8021.2
2020-12-04 21:30:00,1,7628.72,7879.52
2020-12-04 22:00:00,1,7437.95,7754.97
2020-12-04 22:30:00,1,7242.55,7676.47
2020-12-04 23:00:00,1,7220.11,7552.05
2020-12-04 23:30:00,1,7075.9,7397.86
2020-12-17 00:00:00,1,8195.65,7665.35
2020-12-17 00:30:00,1,7989.6,7486.35
2020-12-17 01:00:00,1,7653.54,7300.82
2020-12-17 01:30:00,1,7408.13,7055.57
2020-12-17 02:00:00,1,7085.47,6856.96
2020-12-17 02:30:00,1,6876.75,6729.76
2020-12-17 03:00:00,1,6669.05,6632.09
2020-12-17 03:30:00,1,6594.39,6600.82
2020-12-17 04:00:00,1,6590.26,6653.5
2020-12-17 12:30:00,1,9083.29,9415.24
2020-12-17 13:00:00,1,9214.72,9562.84
2020-12-17 13:30:00,1,9300.6,9715.52
2020-12-17 14:00:00,1,9578.13,9883.32
2020-12-17 14:30:00,1,9581.88,10086.62
2020-12-17 15:00:00,1,9879.74,10273.16
2020-12-17 15:30:00,1,9970.53,10437.23
2020-12-17 16:00:00,1,9802.5,10593.11
2020-12-17 16:30:00,1,9712.76,10709.51
2020-12-17 17:00:00,1,9664.87,10747.99
2020-12-17 17:30:00,1,9706.78,10674.57
2020-12-17 18:00:00,1,9441.77,10577.07
2020-12-17 18:30:00,1,9354.03,10440.2
2020-12-17 19:00:00,1,9209.64,10231.99
2020-12-17 19:30:00,1,9012.52,10087.34
2020-12-17 20:00:00,1,8878.31,9980.88
2020-12-17 20:30:00,1,8730.76,9771.8
2020-12-17 21:00:00,1,8531.14,9487.66
2020-12-17 21:30:00,1,8267.22,9223.9
2020-12-17 22:00:00,1,8184.68,8932.29
2020-12-17 22:30:00,1,8005.35,8770.92
2020-12-17 23:00:00,1,7935.14,8473.83
2020-12-17 23:30:00,1,7718.57,8163.22
2020-12-18 00:00:00,1,7505.76,7956.72
2020-12-18 00:30:00,1,7361.24,7678.9
2020-12-18 01:00:00,1,7130.56,7405.22
2020-12-18 01:30:00,1,6885.27,7062.59
2020-12-18 02:00:00,1,6598.47,6848.79
2020-12-18 02:30:00,1,6384.51,6688.59
2020-12-18 03:00:00,1,6215.71,6595.36
2020-12-18 03:30:00,1,6173.47,6567.41
2020-12-18 04:00:00,1,6119.57,6612.98
2020-12-18 12:30:00,1,7029.14,9533.18
2020-12-18 13:00:00,1,7016.29,9663.87
2020-12-18 13:30:00,1,6963.89,9741.3
2020-12-18 14:00:00,1,6947.02,9810.16
2020-12-18 14:30:00,1,6956.46,9930.99
2020-12-18 15:00:00,1,6935.78,9871.29
2020-12-18 15:30:00,1,7048.92,9913.13
2020-12-18 16:00:00,1,7225.39,9977.29
2020-12-18 16:30:00,1,7418.53,10004.33
2020-12-18 17:00:00,1,7498.99,9963.55
2020-12-18 17:30:00,1,7574.22,9784.38
2020-12-18 18:00:00,1,7655.77,9611.36
2020-12-18 18:30:00,1,7731.91,9331.16
2020-12-18 19:00:00,1,7703.81,9139.24
2020-12-18 19:30:00,1,7705.06,9076.33
2020-12-18 20:00:00,1,7674.86,8949.09
2020-12-18 20:30:00,1,7675.0,8721.43
2020-12-18 21:00:00,1,7516.42,8482.91
2020-12-18 21:30:00,1,7396.99,8339.83
2020-12-18 22:00:00,1,7295.71,8190.14
2020-12-18 22:30:00,1,7195.82,8044.26
2020-12-18 23:00:00,1,7226.7,7855.75
2020-12-18 23:30:00,1,7077.21,7653.87
2020-12-27 00:00:00,1,6942.33,6473.6
2020-12-27 00:30:00,1,6769.06,6213.4
2020-12-27 01:00:00,1,6532.14,6017.12
2020-12-27 01:30:00,1,6374.39,5759.45
2020-12-27 02:00:00,1,6166.76,5604.33
2020-12-27 02:30:00,1,5961.52,5509.88
2020-12-27 03:00:00,1,5882.12,5489.89
2020-12-27 03:30:00,1,5852.5,5593.25
2020-12-27 04:00:00,1,5840.38,5614.21
2020-12-27 12:30:00,1,6724.15,6259.82
2020-12-27 13:00:00,1,6821.69,6473.87
2020-12-27 13:30:00,1,6907.31,6715.07
2020-12-27 14:00:00,1,6807.78,6908.52
2020-12-27 14:30:00,1,6815.47,7296.15
2020-12-27 15:00:00,1,6913.67,7537.96
2020-12-27 15:30:00,1,7005.66,7809.33
2020-12-27 16:00:00,1,7197.15,8052.27
2020-12-27 16:30:00,1,7392.36,8325.5
2020-12-27 17:00:00,1,7560.39,8636.2
2020-12-27 17:30:00,1,7766.12,8891.75
2020-12-27 18:00:00,1,7762.24,8959.4
2020-12-27 18:30:00,1,7686.62,8844.65
2020-12-27 19:00:00,1,7577.44,8657.11
2020-12-27 19:30:00,1,7426.39,8517.64
2020-12-27 20:00:00,1,7340.64,8455.28
2020-12-27 20:30:00,1,7316.9,8387.85
2020-12-27 21:00:00,1,7163.52,8189.67
2020-12-27 21:30:00,1,7064.02,7989.65
2020-12-27 22:00:00,1,7035.01,7779.49
2020-12-27 22:30:00,1,6993.7,7562.42
2020-12-27 23:00:00,1,6966.23,7310.43
2020-12-27 23:30:00,1,6867.04,7056.19
2021-01-12 00:00:00,1,7762.73,7189.77
2021-01-12 00:30:00,1,7603.96,6948.11
2021-01-12 01:00:00,1,7339.84,6737.97
2021-01-12 01:30:00,1,7120.39,6468.81
2021-01-12 02:00:00,1,6843.49,6256.2
2021-01-12 02:30:00,1,6614.3,6118.67
2021-01-12 03:00:00,1,6458.27,6043.7
2021-01-12 03:30:00,1,6394.3,6030.7
2021-01-12 04:00:00,1,6422.71,6070.2
2021-01-12 12:30:00,1,8143.71,7598.3
2021-01-12 13:00:00,1,8274.63,7809.82
2021-01-12 13:30:00,1,8451.66,8026.74
2021-01-12 14:00:00,1,8596.06,8235.87
2021-01-12 14:30:00,1,8795.35,8682.76
2021-01-12 15:00:00,1,9052.32,9016.12
2021-01-12 15:30:00,1,9256.88,9310.21
2021-01-12 16:00:00,1,9555.65,9623.78
2021-01-12 16:30:00,1,9846.97,9866.2
2021-01-12 17:00:00,1,10108.34,10026.43
2021-01-12 17:30:00,1,10391.36,10055.17
2021-01-12 18:00:00,1,10429.8,10069.28
2021-01-12 18:30:00,1,10430.48,9928.04
2021-01-12 19:00:00,1,10222.74,9664.5
2021-01-12 19:30:00,1,9966.98,9420.66
2021-01-12 20:00:00,1,9659.51,9249.98
2021-01-12 20:30:00,1,9466.76,9085.29
2021-01-12 21:00:00,1,9158.68,8751.93
2021-01-12 21:30:00,1,8855.49,8519.56
2021-01-12 22:00:00,1,8720.98,8255.53
2021-01-12 22:30:00,1,8464.03,8091.5
2021-01-12 23:00:00,1,8238.12,7850.15
2021-01-12 23:30:00,1,7975.42,7668.63
2021-01-14 00:00:00,1,7832.84,7572.65
2021-01-14 00:30:00,1,7616.09,7364.74
2021-01-14 01:00:00,1,7373.79,7146.21
2021-01-14 01:30:00,1,7137.05,6873.22
2021-01-14 02:00:00,1,6842.51,6644.87
2021-01-14 02:30:00,1,6660.74,6496.3
2021-01-14 03:00:00,1,6472.94,6403.81
2021-01-14 03:30:00,1,6460.15,6386.56
2021-01-14 04:00:00,1,6446.13,6425.42
2021-01-14 12:30:00,1,8054.28,8855.36
2021-01-14 13:00:00,1,8164.18,9034.59
2021-01-14 13:30:00,1,8369.64,9266.48
2021-01-14 14:00:00,1,8563.87,9507.79
2021-01-14 14:30:00,1,8835.55,9810.06
2021-01-14 15:00:00,1,9179.85,10247.7
2021-01-14 15:30:00,1,9168.17,10595.11
2021-01-14 16:00:00,1,9387.15,10937.15
2021-01-14 16:30:00,1,9706.5,11204.47
2021-01-14 17:00:00,1,9742.69,11389.25
2021-01-14 17:30:00,1,9918.4,11345.68
2021-01-14 18:00:00,1,9883.05,11211.94
2021-01-14 18:30:00,1,9882.04,10824.43
2021-01-14 19:00:00,1,9712.16,10432.17
2021-01-14 19:30:00,1,9511.13,10118.5
2021-01-14 20:00:00,1,9295.14,9918.3
2021-01-14 20:30:00,1,9213.52,9617.62
2021-01-14 21:00:00,1,8997.71,9269.38
2021-01-14 21:30:00,1,8669.67,8960.99
2021-01-14 22:00:00,1,8523.08,8666.14
2021-01-14 22:30:00,1,8237.14,8416.54
2021-01-14 23:00:00,1,7997.45,8139.49
2021-01-14 23:30:00,1,7677.22,7842.34
2021-01-22 00:00:00,1,8029.89,7318.84
2021-01-22 00:30:00,1,7852.38,7208.04
2021-01-22 01:00:00,1,7617.88,7023.4
2021-01-22 01:30:00,1,7246.7,6798.4
2021-01-22 02:00:00,1,6986.8,6592.83
2021-01-22 02:30:00,1,6681.09,6463.31
2021-01-22 03:00:00,1,6530.19,6367.69
2021-01-22 03:30:00,1,6441.2,6343.66
2021-01-22 04:00:00,1,6400.65,6383.64
2021-01-22 12:30:00,1,8364.08,8128.23
2021-01-22 13:00:00,1,8532.93,8424.13
2021-01-22 13:30:00,1,8723.16,8757.67
2021-01-22 14:00:00,1,8923.39,8991.97
2021-01-22 14:30:00,1,9124.55,9308.93
2021-01-22 15:00:00,1,9405.74,9688.46
2021-01-22 15:30:00,1,9714.98,9998.8
2021-01-22 16:00:00,1,10010.06,10326.53
2021-01-22 16:30:00,1,10347.62,10635.67
2021-01-22 17:00:00,1,10435.78,10806.77
2021-01-22 17:30:00,1,10571.47,10782.0
2021-01-22 18:00:00,1,10640.9,10623.8
2021-01-22 18:30:00,1,10740.75,10339.43
2021-01-22 19:00:00,1,10655.34,10023.12
2021-01-22 19:30:00,1,10416.28,9755.48
2021-01-22 20:00:00,1,10171.6,9578.52
2021-01-22 20:30:00,1,10049.72,9310.2
2021-01-22 21:00:00,1,9811.92,9013.63
2021-01-22 21:30:00,1,9498.78,8794.61
2021-01-22 22:00:00,1,9141.79,8586.55
2021-01-22 22:30:00,1,8900.01,8467.68
2021-01-22 23:00:00,1,8675.09,8282.48
2021-01-22 23:30:00,1,8356.45,7997.42
2021-01-23 00:00:00,1,8015.85,7784.24
2021-01-23 00:30:00,1,7771.49,7532.27
2021-01-23 01:00:00,1,7505.65,7249.61
2021-01-23 01:30:00,1,7252.74,6930.98
2021-01-23 02:00:00,1,6981.79,6699.25
2021-01-23 02:30:00,1,6754.61,6585.38
2021-01-23 03:00:00,1,6653.7,6483.3
2021-01-23 03:30:00,1,6557.97,6444.33
2021-01-23 04:00:00,1,6510.51,6427.6
2021-01-23 12:30:00,1,9197.5,7718.01
2021-01-23 13:00:00,1,9413.32,7928.36
2021-01-23 13:30:00,1,9638.19,8168.78
2021-01-23 14:00:00,1,9821.85,8430.79
2021-01-23 14:30:00,1,9986.0,8719.8
2021-01-23 15:00:00,1,10252.19,9037.57
2021-01-23 15:30:00,1,10531.6,9347.16
2021-01-23 16:00:00,1,10846.84,9654.27
2021-01-23 16:30:00,1,11183.29,9957.35
2021-01-23 17:00:00,1,11458.48,10299.89
2021-01-23 17:30:00,1,11633.06,10512.16
2021-01-23 18:00:00,1,11440.56,10544.34
2021-01-23 18:30:00,1,11318.32,10410.81
2021-01-23 19:00:00,1,10998.12,10135.66
2021-01-23 19:30:00,1,10702.14,9971.76
2021-01-23 20:00:00,1,10477.51,9881.44
2021-01-23 20:30:00,1,10242.4,9644.7
2021-01-23 21:00:00,1,9924.23,9366.46
2021-01-23 21:30:00,1,9613.22,9064.33
2021-01-23 22:00:00,1,9279.28,8818.79
2021-01-23 22:30:00,1,8855.94,8689.73
2021-01-23 23:00:00,1,8641.25,8393.81
2021-01-23 23:30:00,1,8259.31,8037.78
2021-01-24 00:00:00,1,7958.28,7714.54
2021-01-24 00:30:00,1,7756.25,7369.58
2021-01-24 01:00:00,1,7555.72,7060.39
2021-01-24 01:30:00,1,7326.37,6712.63
2021-01-24 02:00:00,1,7068.88,6506.24
2021-01-24 02:30:00,1,6855.51,6364.72
2021-01-24 03:00:00,1,6782.75,6315.61
2021-01-24 03:30:00,1,6683.37,6296.03
2021-01-24 04:00:00,1,6683.32,6297.26
2021-01-24 12:30:00,1,10131.73,8785.76
2021-01-24 13:00:00,1,10412.17,9036.22
2021-01-24 13:30:00,1,10604.42,9289.11
2021-01-24 14:00:00,1,10817.67,9547.97
2021-01-24 14:30:00,1,11051.23,9867.15
2021-01-24 15:00:00,1,11285.7,10145.01
2021-01-24 15:30:00,1,11519.07,10390.87
2021-01-24 16:00:00,1,11698.74,10597.81
2021-01-24 16:30:00,1,11918.42,10855.73
2021-01-24 17:00:00,1,12034.19,11098.16
2021-01-24 17:30:00,1,12197.57,11275.07
2021-01-24 18:00:00,1,12155.83,11308.74
2021-01-24 18:30:00,1,12042.87,11179.57
2021-01-24 19:00:00,1,11694.5,10881.84
2021-01-24 19:30:00,1,11362.51,10686.72
2021-01-24 20:00:00,1,10994.31,10512.39
2021-01-24 20:30:00,1,10797.1,10219.71
2021-01-24 21:00:00,1,10428.73,9829.76
2021-01-24 21:30:00,1,9981.5,9397.06
2021-01-24 22:00:00,1,9672.4,9047.6
2021-01-24 22:30:00,1,9293.59,8789.17
2021-01-24 23:00:00,1,9061.21,8398.74
2021-01-24 23:30:00,1,8694.4,7957.84
2021-01-25 00:00:00,1,8329.93,7624.32
2021-01-25 00:30:00,1,8112.92,7259.88
2021-01-25 01:00:00,1,7790.3,6976.71
2021-01-25 01:30:00,1,7500.73,6650.77
2021-01-25 02:00:00,1,7161.85,6489.39
2021-01-25 02:30:00,1,6885.5,6423.18
2021-01-25 03:00:00,1,6708.15,6395.55
2021-01-25 03:30:00,1,6581.05,6456.51
2021-01-25 04:00:00,1,6558.7,6544.77
2021-01-25 12:30:00,1,9716.41,9854.78
2021-01-25 13:00:00,1,9871.84,10139.44
2021-01-25 13:30:00,1,10147.46,10357.7
2021-01-25 14:00:00,1,10414.34,10655.53
2021-01-25 14:30:00,1,10660.18,11015.48
2021-01-25 15:00:00,1,10965.3,11400.96
2021-01-25 15:30:00,1,11204.14,11735.43
2021-01-25 16:00:00,1,11403.09,11982.6
2021-01-25 16:30:00,1,11709.11,12175.1
2021-01-25 17:00:00,1,11895.21,12335.95
2021-01-25 17:30:00,1,12059.74,12334.0
2021-01-25 18:00:00,1,11927.16,12342.15
2021-01-25 18:30:00,1,11926.42,12162.61
2021-01-25 19:00:00,1,11750.54,11832.67
2021-01-25 19:30:00,1,11558.52,11493.2
2021-01-25 20:00:00,1,11412.45,11200.95
2021-01-25 20:30:00,1,11210.47,10813.68
2021-01-25 21:00:00,1,10869.61,10355.23
2021-01-25 21:30:00,1,10444.0,9931.65
2021-01-25 22:00:00,1,9985.9,9359.5
2021-01-25 22:30:00,1,9549.88,9066.39
2021-01-25 23:00:00,1,9218.72,8767.59
2021-01-25 23:30:00,1,8881.7,8340.34
2021-01-26 00:00:00,1,8543.62,7973.99
2021-01-26 00:30:00,1,8285.31,7489.18
2021-01-26 01:00:00,1,8049.78,7150.08
2021-01-26 01:30:00,1,7773.67,6758.42
2021-01-26 02:00:00,1,7440.95,6524.68
2021-01-26 02:30:00,1,7229.94,6360.07
2021-01-26 03:00:00,1,7052.62,6290.4
2021-01-26 03:30:00,1,6978.91,6268.22
2021-01-26 04:00:00,1,6965.84,6277.3
2021-01-26 12:30:00,1,8705.72,9668.66
2021-01-26 13:00:00,1,8680.25,9922.9
2021-01-26 13:30:00,1,8710.29,10145.71
2021-01-26 14:00:00,1,8632.83,10427.56
2021-01-26 14:30:00,1,8640.48,10728.54
2021-01-26 15:00:00,1,8712.68,11110.75
2021-01-26 15:30:00,1,8698.8,11400.23
2021-01-26 16:00:00,1,8779.75,11694.05
2021-01-26 16:30:00,1,8818.12,11937.04
2021-01-26 17:00:00,1,8868.05,12146.51
2021-01-26 17:30:00,1,8993.69,12113.34
2021-01-26 18:00:00,1,9013.7,12113.2
2021-01-26 18:30:00,1,8904.29,11883.69
2021-01-26 19:00:00,1,8751.31,11586.12
2021-01-26 19:30:00,1,8598.51,11252.47
2021-01-26 20:00:00,1,8460.58,10974.61
2021-01-26 20:30:00,1,8328.03,10726.52
2021-01-26 21:00:00,1,8128.78,10346.01
2021-01-26 21:30:00,1,7867.06,10031.28
2021-01-26 22:00:00,1,7762.37,9665.58
2021-01-26 22:30:00,1,7623.42,9256.18
2021-01-26 23:00:00,1,7567.46,8875.95
2021-01-26 23:30:00,1,7439.7,8451.9
2021-01-30 00:00:00,1,7346.54,7315.44
2021-01-30 00:30:00,1,7159.46,7267.65
2021-01-30 01:00:00,1,6938.45,7071.16
2021-01-30 01:30:00,1,6751.31,6864.41
2021-01-30 02:00:00,1,6502.79,6668.79
2021-01-30 02:30:00,1,6336.89,6541.26
2021-01-30 03:00:00,1,6213.04,6449.53
2021-01-30 03:30:00,1,6144.94,6413.8
2021-01-30 04:00:00,1,6118.33,6391.35
2021-01-30 12:30:00,1,7150.31,7532.36
2021-01-30 13:00:00,1,7175.53,7575.96
2021-01-30 13:30:00,1,7118.88,7666.18
2021-01-30 14:00:00,1,7100.12,7832.12
2021-01-30 14:30:00,1,7055.73,8069.88
2021-01-30 15:00:00,1,7128.44,8264.17
2021-01-30 15:30:00,1,7208.14,8479.17
2021-01-30 16:00:00,1,7474.0,8702.41
2021-01-30 16:30:00,1,7535.81,8862.18
2021-01-30 17:00:00,1,7764.54,9130.68
2021-01-30 17:30:00,1,7983.23,9242.1
2021-01-30 18:00:00,1,8106.0,9220.19
2021-01-30 18:30:00,1,8230.0,9057.64
2021-01-30 19:00:00,1,8185.05,8831.62
2021-01-30 19:30:00,1,8124.37,8743.36
2021-01-30 20:00:00,1,8055.03,8647.13
2021-01-30 20:30:00,1,7953.32,8473.55
2021-01-30 21:00:00,1,7847.66,8266.84
2021-01-30 21:30:00,1,7612.96,8100.53
2021-01-30 22:00:00,1,7447.9,7965.35
2021-01-30 22:30:00,1,7307.91,7822.42
2021-01-30 23:00:00,1,7264.89,7628.6
2021-01-30 23:30:00,1,7095.82,7390.47
2021-02-12 00:00:00,1,7849.89,7377.78
2021-02-12 00:30:00,1,7635.97,7272.81
2021-02-12 01:00:00,1,7383.23,7092.58
2021-02-12 01:30:00,1,7157.83,6858.25
2021-02-12 02:00:00,1,6815.07,6661.95
2021-02-12 02:30:00,1,6563.88,6526.54
2021-02-12 03:00:00,1,6424.19,6451.15
2021-02-12 03:30:00,1,6376.17,6441.62
2021-02-12 04:00:00,1,6367.0,6492.35
2021-02-12 12:30:00,1,7405.05,8901.5
2021-02-12 13:00:00,1,7258.75,9000.04
2021-02-12 13:30:00,1,7191.74,9169.09
2021-02-12 14:00:00,1,7195.08,9287.47
2021-02-12 14:30:00,1,7185.86,9482.15
2021-02-12 15:00:00,1,7276.04,9684.74
2021-02-12 15:30:00,1,7292.61,9818.87
2021-02-12 16:00:00,1,7389.88,10013.32
2021-02-12 16:30:00,1,7499.31,10074.3
2021-02-12 17:00:00,1,7572.1,10133.56
2021-02-12 17:30:00,1,7741.69,10031.4
2021-02-12 18:00:00,1,7709.52,9858.71
2021-02-12 18:30:00,1,7783.4,9642.15
2021-02-12 19:00:00,1,7749.48,9403.08
2021-02-12 19:30:00,1,7670.85,9287.25
2021-02-12 20:00:00,1,7625.23,9135.27
2021-02-12 20:30:00,1,7517.09,8999.27
2021-02-12 21:00:00,1,7348.86,8818.99
2021-02-12 21:30:00,1,7215.28,8657.65
2021-02-12 22:00:00,1,7200.8,8507.8
2021-02-12 22:30:00,1,7085.83,8362.38
2021-02-12 23:00:00,1,7055.26,8180.58
2021-02-12 23:30:00,1,6927.22,7975.86
2021-03-01 00:00:00,1,7757.99,6838.82
2021-03-01 00:30:00,1,7608.8,6652.97
2021-03-01 01:00:00,1,7380.75,6448.44
2021-03-01 01:30:00,1,7149.54,6201.55
2021-03-01 02:00:00,1,6859.84,6041.52
2021-03-01 02:30:00,1,6618.76,5983.5
2021-03-01 03:00:00,1,6495.31,5967.8
2021-03-01 03:30:00,1,6434.3,6035.67
2021-03-01 04:00:00,1,6386.63,6137.35
2021-03-01 12:30:00,1,7169.48,8218.53
2021-03-01 13:00:00,1,7107.26,8440.03
2021-03-01 13:30:00,1,7111.89,8699.19
2021-03-01 14:00:00,1,7102.15,8937.36
2021-03-01 14:30:00,1,7184.91,9299.16
2021-03-01 15:00:00,1,7280.31,9639.46
2021-03-01 15:30:00,1,7456.95,9972.55
2021-03-01 16:00:00,1,7660.61,10215.93
2021-03-01 16:30:00,1,7949.06,10393.82
2021-03-01 17:00:00,1,8052.47,10616.46
2021-03-01 17:30:00,1,8329.9,10710.75
2021-03-01 18:00:00,1,8459.65,10708.83
2021-03-01 18:30:00,1,8397.76,10561.82
2021-03-01 19:00:00,1,8394.8,10386.77
2021-03-01 19:30:00,1,8420.61,10140.85
2021-03-01 20:00:00,1,8317.72,9859.9
2021-03-01 20:30:00,1,8129.39,9508.55
2021-03-01 21:00:00,1,7949.77,9136.3
2021-03-01 21:30:00,1,7642.11,8823.33
2021-03-01 22:00:00,1,7606.18,8508.11
2021-03-01 22:30:00,1,7495.2,8252.72
2021-03-01 23:00:00,1,7445.58,8000.6
2021-03-01 23:30:00,1,7316.87,7694.05
2021-03-08 00:00:00,1,7273.09,6589.06
2021-03-08 00:30:00,1,7149.11,6425.44
2021-03-08 01:00:00,1,6996.52,6229.35
2021-03-08 01:30:00,1,6769.36,5988.09
2021-03-08 02:00:00,1,6501.39,5821.17
2021-03-08 02:30:00,1,6331.33,5756.65
2021-03-08 03:00:00,1,6215.01,5754.21
2021-03-08 03:30:00,1,6167.11,5824.21
2021-03-08 04:00:00,1,6116.67,5896.03
2021-03-08 12:30:00,1,7598.12,8191.72
2021-03-08 13:00:00,1,7606.9,8247.47
2021-03-08 13:30:00,1,7723.48,8373.16
2021-03-08 14:00:00,1,7793.09,8490.8
2021-03-08 14:30:00,1,7998.16,8815.44
2021-03-08 15:00:00,1,8161.14,9058.47
2021-03-08 15:30:00,1,8439.06,9229.34
2021-03-08 16:00:00,1,8599.15,9408.39
2021-03-08 16:30:00,1,8811.84,9614.01
2021-03-08 17:00:00,1,8914.52,9696.92
2021-03-08 17:30:00,1,9206.19,9660.42
2021-03-08 18:00:00,1,9106.55,9561.76
2021-03-08 18:30:00,1,9089.7,9354.86
2021-03-08 19:00:00,1,8921.44,9178.37
2021-03-08 19:30:00,1,8833.73,8963.18
2021-03-08 20:00:00,1,8670.9,8721.77
2021-03-08 20:30:00,1,8438.67,8505.04
2021-03-08 21:00:00,1,8234.32,8215.59
2021-03-08 21:30:00,1,7963.61,8022.02
2021-03-08 22:00:00,1,7894.82,7843.19
2021-03-08 22:30:00,1,7708.14,7645.58
2021-03-08 23:00:00,1,7618.84,7486.67
2021-03-08 23:30:00,1,7529.49,7304.35
2021-03-13 00:00:00,1,7473.85,7345.7
2021-03-13 00:30:00,1,7309.07,7158.33
2021-03-13 01:00:00,1,7157.65,6934.85
2021-03-13 01:30:00,1,6941.33,6671.54
2021-03-13 02:00:00,1,6700.39,6456.96
2021-03-13 02:30:00,1,6471.08,6308.27
2021-03-13 03:00:00,1,6367.18,6225.59
2021-03-13 03:30:00,1,6319.59,6169.27
2021-03-13 04:00:00,1,6296.22,6171.36
2021-03-13 12:30:00,1,7138.29,7221.79
2021-03-13 13:00:00,1,7119.03,7366.94
2021-03-13 13:30:00,1,7037.55,7547.19
2021-03-13 14:00:00,1,7022.79,7748.92
2021-03-13 14:30:00,1,7057.33,7974.31
2021-03-13 15:00:00,1,7115.17,8221.96
2021-03-13 15:30:00,1,7172.23,8576.68
2021-03-13 16:00:00,1,7274.71,9124.61
2021-03-13 16:30:00,1,7469.26,9348.21
2021-03-13 17:00:00,1,7675.22,9586.74
2021-03-13 17:30:00,1,7888.54,9628.08
2021-03-13 18:00:00,1,8050.23,9609.4
2021-03-13 18:30:00,1,8046.18,9479.86
2021-03-13 19:00:00,1,7956.99,9371.34
2021-03-13 19:30:00,1,7907.1,9237.92
2021-03-13 20:00:00,1,7696.41,9060.28
2021-03-13 20:30:00,1,7531.51,8883.6
2021-03-13 21:00:00,1,7326.22,8640.9
2021-03-13 21:30:00,1,7137.88,8410.26
2021-03-13 22:00:00,1,6975.34,8238.3
2021-03-13 22:30:00,1,6861.63,8112.4
2021-03-13 23:00:00,1,6793.4,7891.39
2021-03-13 23:30:00,1,6679.95,7581.9
