MAE,RMSE,MAPE,Bias,cohort,model,horizon
1798.5999591553775,2092.4910408803257,21.188289395510232,-119.94116644051701,overall_all,LightGBM,1
1816.6806458993497,2111.445662478458,21.36821465150837,-123.91744526050894,overall_all,LightGBM,2
1817.5930989262374,2118.7182757201367,21.363873167618262,-135.52404109062033,overall_all,LightGBM,3
1809.0562501439408,2116.567825806718,21.228663341052766,-163.53909974449923,overall_all,LightGBM,4
1819.061302833011,2134.365479289572,21.283803430139347,-181.23691064521003,overall_all,LightGBM,5
1818.9888589103045,2142.0192512797366,21.264002923882437,-214.58280219105387,overall_all,LightGBM,6
1826.5120903103307,2150.039555750201,21.31400867988244,-232.58392564685394,overall_all,LightGBM,7
1825.895867468841,2157.0573813500546,21.295413657057583,-241.949789644826,overall_all,LightGBM,8
1826.7078661082926,2160.768800631109,21.26281175873494,-251.45621768981266,overall_all,LightGBM,9
1828.7906228960128,2157.806941535243,21.268399505987944,-264.993895428033,overall_all,LightGBM,10
1838.8690777142715,2170.913194657176,21.332227506296476,-285.7632338316097,overall_all,LightGBM,11
1834.3704919046043,2167.738005647559,21.2778021871775,-275.435473662759,overall_all,LightGBM,12
1584.2475172441812,1829.0935951007255,18.61673682944868,-57.85560480462115,overall_all,LightGBM,13
1571.8428273141726,1820.2031446678563,18.478420026657588,-68.85430714406394,overall_all,LightGBM,14
1564.3893890127995,1816.0424074914,18.402729860181296,-72.18770190472834,overall_all,LightGBM,15
1548.033880440393,1799.0166436024545,18.228148765370364,-78.61844501051137,overall_all,LightGBM,16
1530.2058310766954,1781.7770208848096,18.025657097514564,-77.07442897821312,overall_all,LightGBM,17
1513.7974887919038,1766.5597556927908,17.816452522235345,-91.68204217755815,overall_all,LightGBM,18
1500.715849192487,1754.0303431004595,17.660775293107182,-112.34528072491867,overall_all,LightGBM,19
1493.8833300721217,1748.4706450244125,17.563105381442693,-114.50358011683579,overall_all,LightGBM,20
1475.0859467933174,1725.442073413379,17.337867189178166,-114.15303099026372,overall_all,LightGBM,21
1473.0197638863099,1722.4049121482856,17.309674606951063,-121.7688357307428,overall_all,LightGBM,22
1467.023289887706,1713.5037977523257,17.18755607417609,-148.14383049440232,overall_all,LightGBM,23
1461.1424094319145,1709.0279764655065,17.064756380384562,-187.6386598183344,overall_all,LightGBM,24
629.7168740835275,832.1406547646902,6.839321173387217,-313.20437025932137,overall_all,LightGBM,25
636.9051839378138,843.5627186405708,6.907287695512017,-331.8985969069657,overall_all,LightGBM,26
619.7202255549673,828.6869676456627,6.730165241303529,-327.00074053461015,overall_all,LightGBM,27
629.6013106767995,822.6316383447745,6.906976675376665,-302.4941004364439,overall_all,LightGBM,28
644.2865390720802,842.1810897370702,7.034603702682801,-329.12380087906126,overall_all,LightGBM,29
626.7237466169556,822.1973023359592,6.8793665506451624,-299.4781402444641,overall_all,LightGBM,30
637.9828723029161,841.5935146197601,7.00282401690022,-311.09946440535845,overall_all,LightGBM,31
621.9079652707715,823.1307056826561,6.826702904564992,-291.16696132655954,overall_all,LightGBM,32
646.3613656052565,850.8753631047549,7.100770087643145,-330.1654691218209,overall_all,LightGBM,33
646.3474697616134,861.6500416716046,7.104784320596689,-320.7877345537803,overall_all,LightGBM,34
635.8710657868086,833.669909359094,7.0246555862154665,-284.47026203289056,overall_all,LightGBM,35
644.8573174186615,841.8897886160764,7.142003015026366,-279.5397823183157,overall_all,LightGBM,36
650.5668342373165,855.968851596768,7.17720125642229,-296.4866483503396,overall_all,LightGBM,37
640.9430498470283,842.3619788470683,7.086494727598694,-300.6249024940452,overall_all,LightGBM,38
648.5150271201767,842.2808002932869,7.193005957744292,-294.1991409185249,overall_all,LightGBM,39
652.0759850127904,859.0005688535018,7.179715094985975,-277.028345733077,overall_all,LightGBM,40
637.928418979352,836.0523846539947,7.028696035237248,-287.01003044689764,overall_all,LightGBM,41
633.3528356889692,840.1065202000725,6.983982178967259,-267.83680538219477,overall_all,LightGBM,42
650.6605102408345,864.1157541333401,7.113654665880334,-286.68919953889724,overall_all,LightGBM,43
644.9697965835769,884.4047215527962,6.993924256395492,-313.71184451923045,overall_all,LightGBM,44
642.1150925949694,877.7396225338791,6.971692033139244,-318.5003280972804,overall_all,LightGBM,45
641.4809002954386,889.5921023524568,6.874003217399759,-337.7844843550071,overall_all,LightGBM,46
654.6373325442682,919.0216390605317,7.005761502179726,-336.5420571635286,overall_all,LightGBM,47
648.4857521150939,912.8834455035872,6.95952256212696,-320.6597728360675,overall_all,LightGBM,48
1657.230954151177,2135.6075555331577,17.704406058501824,-1122.82312267658,overall_all,Operator(op_24h_latest),1
1730.1641635687731,2234.9232612506644,18.28702915394059,-1296.6842131350681,overall_all,Operator(op_24h_latest),2
1820.9393680297396,2357.6765339056783,19.079181728633284,-1487.535353159851,overall_all,Operator(op_24h_latest),3
1961.082614622057,2523.977043868533,20.443358822421406,-1725.3668773234199,overall_all,Operator(op_24h_latest),4
2104.8709789343247,2674.7283210245773,21.924457149276893,-1942.2118463444856,overall_all,Operator(op_24h_latest),5
2246.463382899628,2804.6040853077693,23.43636845585639,-2144.9017224287486,overall_all,Operator(op_24h_latest),6
2348.3905700123914,2894.2079225398725,24.542901956895452,-2287.369950433705,overall_all,Operator(op_24h_latest),7
2402.975340768278,2940.018610089461,25.136628581140013,-2364.8892193308548,overall_all,Operator(op_24h_latest),8
2409.3571499380423,2941.2736475817514,25.198916548878476,-2379.684758364312,overall_all,Operator(op_24h_latest),9
2339.9222800495663,2873.5354886456203,24.41182256946521,-2304.4807434944237,overall_all,Operator(op_24h_latest),10
2234.9460223048327,2771.64505981252,23.26268547682828,-2172.894795539033,overall_all,Operator(op_24h_latest),11
2041.3505824039655,2585.8809055257793,21.199855879988473,-1906.7744237918216,overall_all,Operator(op_24h_latest),12
1879.9216480793061,2421.8984458517675,19.608938808665684,-1619.2096530359354,overall_all,Operator(op_24h_latest),13
1747.0928252788103,2279.7037471771537,18.506058191160324,-1268.528066914498,overall_all,Operator(op_24h_latest),14
1699.0907063197026,2213.9789154961954,18.40895502280797,-953.30780669145,overall_all,Operator(op_24h_latest),15
1702.9007063197027,2206.0856709971754,18.733690731809467,-762.2833581164807,overall_all,Operator(op_24h_latest),16
1717.2016356877323,2221.7959020119906,19.03862108730073,-654.7422552664187,overall_all,Operator(op_24h_latest),17
1700.3073853779429,2211.014042099426,18.868221286695807,-627.7257496902106,overall_all,Operator(op_24h_latest),18
1685.7673977695167,2201.767866669366,18.585191467981893,-703.7010037174721,overall_all,Operator(op_24h_latest),19
1677.1898760842628,2202.9385618627975,18.384672974843944,-774.1132961586122,overall_all,Operator(op_24h_latest),20
1685.7515861214374,2218.4475929867876,18.36422150877262,-864.3845724907063,overall_all,Operator(op_24h_latest),21
1708.5732342007436,2238.8209751488716,18.52932213856175,-939.0164560099131,overall_all,Operator(op_24h_latest),22
1737.9674473358118,2271.143495336336,18.755083545567626,-1013.773345724907,overall_all,Operator(op_24h_latest),23
1769.5141759603468,2303.8745824833086,19.026271690254866,-1080.0530607187113,overall_all,Operator(op_24h_latest),24
1795.5544237918214,2333.5632339443055,19.278702151073666,-1112.2863940520447,overall_all,Operator(op_24h_latest),25
1808.957149938042,2353.95215428278,19.41878716519218,-1119.0187608426272,overall_all,Operator(op_24h_latest),26
1822.9678066914498,2370.02026953117,19.616039557569973,-1101.1704584882282,overall_all,Operator(op_24h_latest),27
1830.4477571251552,2374.401332980532,19.75735386781451,-1068.044733581165,overall_all,Operator(op_24h_latest),28
1829.856840148699,2367.3642623402557,19.82273780377793,-1011.6380793060717,overall_all,Operator(op_24h_latest),29
1811.8566542750928,2343.623051302202,19.71216536012215,-927.165229244114,overall_all,Operator(op_24h_latest),30
1778.7818587360598,2304.3068398923615,19.479381181634306,-796.684535315985,overall_all,Operator(op_24h_latest),31
1740.3186245353158,2252.452848987223,19.22328185951418,-637.6063568773234,overall_all,Operator(op_24h_latest),32
1702.4876084262698,2192.8412877415544,19.070261296351983,-433.3110532837671,overall_all,Operator(op_24h_latest),33
1680.1528128872367,2144.932558966077,19.16178342702968,-208.50426270136305,overall_all,Operator(op_24h_latest),34
1684.9714869888476,2126.2137761324684,19.652560393129587,54.68412639405208,overall_all,Operator(op_24h_latest),35
1740.8678438661711,2166.069326925837,20.706766569235395,289.24987608426267,overall_all,Operator(op_24h_latest),36
1830.8990086741017,2259.2736842014415,22.13330344046181,509.43717472118965,overall_all,Operator(op_24h_latest),37
1852.6466047087981,2286.2655987083067,22.480825645202664,551.764399008674,overall_all,Operator(op_24h_latest),38
1822.839863692689,2250.674931251334,22.029738862175712,472.94992565055765,overall_all,Operator(op_24h_latest),39
1770.2660594795539,2190.1336123292567,21.20435355394175,328.3820693928128,overall_all,Operator(op_24h_latest),40
1733.0308550185875,2150.6745225630916,20.51765892210515,158.97221809169767,overall_all,Operator(op_24h_latest),41
1718.397149938042,2136.1521781590213,20.055485798808768,-30.231871127633095,overall_all,Operator(op_24h_latest),42
1718.7093804213137,2137.9455499380706,19.70806236071833,-243.4407063197027,overall_all,Operator(op_24h_latest),43
1694.4567162329613,2127.92191644457,19.111701077027917,-426.7770631970259,overall_all,Operator(op_24h_latest),44
1686.4353035935565,2134.991099606886,18.671909143437247,-622.9300991325898,overall_all,Operator(op_24h_latest),45
1693.8128004956632,2150.298258568184,18.525898016947785,-747.0395662949194,overall_all,Operator(op_24h_latest),46
1725.1293184634446,2192.615658856834,18.56632816886459,-928.8083023543991,overall_all,Operator(op_24h_latest),47
1779.1456257744733,2267.7062566946465,18.894856304762012,-1103.6498389095418,overall_all,Operator(op_24h_latest),48
1833.6615945197304,2041.8176046891049,22.747421476167222,118.59381595389749,hotday_all,LightGBM,1
1888.925289890399,2116.415007954552,23.326824043387965,78.58697485804694,hotday_all,LightGBM,2
1872.7433000795309,2113.8810361681462,23.267178683730933,150.01679044571839,hotday_all,LightGBM,3
1828.358759553072,2071.2491310614523,22.772020018239548,132.900013804392,hotday_all,LightGBM,4
1851.6264078912054,2101.3920555382983,22.979493753269818,64.81068936370059,hotday_all,LightGBM,5
1908.0449566223394,2162.8112585191116,23.86395333990452,133.90489782943754,hotday_all,LightGBM,6
1911.6574358246562,2156.0394155781923,23.72328737333842,28.916481033892918,hotday_all,LightGBM,7
1948.1669484202694,2188.2865570451163,24.12184567758715,11.162805912065565,hotday_all,LightGBM,8
1899.6158188108357,2140.1198007149605,23.48743115538975,10.817526131649556,hotday_all,LightGBM,9
1858.8239876722316,2084.7834806000537,22.745074338843025,-136.24974489158564,hotday_all,LightGBM,10
1848.1218719427497,2083.2895708764254,22.50424327422792,-157.97732206759235,hotday_all,LightGBM,11
1806.896004031689,2048.5076569265148,21.80675914782305,-254.58515967847805,hotday_all,LightGBM,12
1764.3633667694783,1979.994632442233,20.556664882186407,-232.4925174726355,hotday_all,LightGBM,13
1771.3595533945154,1992.0242465610388,20.57558300937239,-235.22332167874058,hotday_all,LightGBM,14
1805.639736205047,2025.7957579958163,20.964853903882986,-271.14898074015764,hotday_all,LightGBM,15
1832.48387257071,2029.5772381068352,21.324065875979997,-265.883004016613,hotday_all,LightGBM,16
1872.11813229072,2053.5635736831478,21.815799433428637,-219.79611173642542,hotday_all,LightGBM,17
1928.946956581236,2097.7163695780214,22.459547159975262,-211.59481935088573,hotday_all,LightGBM,18
1965.7542412064695,2138.750512897007,22.968427891363934,-220.4179181682609,hotday_all,LightGBM,19
1977.5453206259624,2168.336976588476,23.219922580166983,-155.33199433716854,hotday_all,LightGBM,20
1916.986692751094,2149.487303330845,22.687044324140714,-84.50109332195889,hotday_all,LightGBM,21
1941.90035771208,2187.094606306711,23.033524436396416,-141.7820593758859,hotday_all,LightGBM,22
1822.9357833488896,2081.381533244278,21.763507184152445,-127.03709276424756,hotday_all,LightGBM,23
1763.3015282349536,2065.049569746277,21.22951280963165,-120.64324565721077,hotday_all,LightGBM,24
772.4423280077449,891.2311183656402,8.898621088314163,-301.4629965600896,hotday_all,LightGBM,25
772.7208932396987,897.5351285956508,8.875635866840966,-297.36948369381156,hotday_all,LightGBM,26
769.7373552572344,904.2033175834679,8.892013601347836,-305.30280021391917,hotday_all,LightGBM,27
843.6165212735424,966.7092432370725,9.79953374563614,-280.6172644235793,hotday_all,LightGBM,28
883.2244700773083,1038.2511795753414,10.21511420240441,-306.04640664193346,hotday_all,LightGBM,29
912.4318392716189,1088.9207950793239,10.470704957165735,-340.00960039158406,hotday_all,LightGBM,30
1003.5662505644469,1175.552254876335,11.573509145485948,-366.7640230828878,hotday_all,LightGBM,31
1027.0803237571251,1227.6695619311931,11.825781805692461,-378.80068533331854,hotday_all,LightGBM,32
1049.217898208302,1241.0356082653936,12.17081718020352,-435.9093151949947,hotday_all,LightGBM,33
1126.3666664171665,1352.3468182714348,12.977590442960713,-465.4912309053808,hotday_all,LightGBM,34
1044.2842544782109,1215.987749264981,12.310288490508098,-303.28654674630025,hotday_all,LightGBM,35
1073.4801641093338,1215.6001314818807,12.848460847077359,-249.38763243163848,hotday_all,LightGBM,36
1073.1118342788081,1207.2761944703284,12.797069124387884,-267.23851433604506,hotday_all,LightGBM,37
1091.141407640356,1255.1638376069059,12.988054914808153,-307.48215534818104,hotday_all,LightGBM,38
1045.1224729648986,1162.5060548545684,12.80753577736006,-200.32284970249427,hotday_all,LightGBM,39
1074.806434777508,1229.186457262865,13.133345552916657,-160.1982498003298,hotday_all,LightGBM,40
1060.748537829598,1190.2539163221063,13.115750256757636,-182.2582161277425,hotday_all,LightGBM,41
1051.5913663199963,1216.4470766488746,12.995485113746415,-151.07647710987447,hotday_all,LightGBM,42
1015.0074594824856,1202.3793681398868,12.601326683538417,-84.86706907594508,hotday_all,LightGBM,43
1103.7039981748142,1342.7477827203638,13.668541575143736,-95.6514277084926,hotday_all,LightGBM,44
1054.6713993296596,1282.7351651531553,13.33565485808131,-8.580446742597658,hotday_all,LightGBM,45
1013.0196029392997,1249.350651464616,12.586611212707632,-49.111287624402955,hotday_all,LightGBM,46
1062.1718777105475,1356.3089525629382,13.387137038888596,35.77803066382026,hotday_all,LightGBM,47
1107.5949492348366,1405.3094653683784,13.846097100856056,27.205818593725926,hotday_all,LightGBM,48
1613.0577777777778,1953.0108050284884,18.15369494350485,-922.0908641975309,hotday_all,Operator(op_24h_latest),1
1729.7637037037039,2079.6694077884968,19.213040993293838,-1131.3708641975309,hotday_all,Operator(op_24h_latest),2
1852.7204938271607,2227.8058024710003,20.307553749568058,-1358.6819753086418,hotday_all,Operator(op_24h_latest),3
2000.21,2420.1729454692863,21.613402768671268,-1643.5013580246916,hotday_all,Operator(op_24h_latest),4
2139.7603703703703,2585.5763170075584,22.937158101429585,-1873.6687654320986,hotday_all,Operator(op_24h_latest),5
2236.9462962962966,2702.2271303174084,23.85591454101891,-2034.1608641975313,hotday_all,Operator(op_24h_latest),6
2297.5596296296294,2772.727138124593,24.432293523669905,-2131.348765432099,hotday_all,Operator(op_24h_latest),7
2320.0365432098765,2791.5041907226687,24.637151624439056,-2165.262469135803,hotday_all,Operator(op_24h_latest),8
2307.546296296296,2771.61923962474,24.48756417422103,-2151.7897530864193,hotday_all,Operator(op_24h_latest),9
2240.4966666666664,2688.3603469467785,23.805075095420687,-2052.666790123457,hotday_all,Operator(op_24h_latest),10
2141.83012345679,2573.3102507609933,22.793056195715966,-1909.9266666666667,hotday_all,Operator(op_24h_latest),11
1967.8751851851853,2369.6073883180743,21.079667897257316,-1636.388024691358,hotday_all,Operator(op_24h_latest),12
1788.8954320987655,2190.548924809476,19.252924508059543,-1378.476172839506,hotday_all,Operator(op_24h_latest),13
1629.873950617284,2025.8673808668952,17.67662768578305,-1110.4462962962962,hotday_all,Operator(op_24h_latest),14
1538.8274074074072,1906.0025593216656,16.885224629547366,-880.3153086419752,hotday_all,Operator(op_24h_latest),15
1508.2796296296297,1855.9186098250811,16.696948030263215,-742.484074074074,hotday_all,Operator(op_24h_latest),16
1486.938024691358,1821.3676440392499,16.591085196351745,-641.2817283950617,hotday_all,Operator(op_24h_latest),17
1438.7662962962966,1768.7320849459604,16.22714619348933,-521.0374074074075,hotday_all,Operator(op_24h_latest),18
1407.0623456790124,1735.0510968371516,16.031189596220244,-431.5539506172839,hotday_all,Operator(op_24h_latest),19
1377.1638271604938,1702.6149520478893,15.89217802344882,-312.9635802469135,hotday_all,Operator(op_24h_latest),20
1347.8825925925926,1669.7374954073277,15.804284383490828,-181.00259259259258,hotday_all,Operator(op_24h_latest),21
1313.472222222222,1643.7127850928755,15.700303720172984,-18.85296296296293,hotday_all,Operator(op_24h_latest),22
1305.711234567901,1632.294071531472,15.901946284153354,149.94061728395064,hotday_all,Operator(op_24h_latest),23
1305.2748148148148,1626.574881067121,16.180458888798587,313.4202469135803,hotday_all,Operator(op_24h_latest),24
1329.154320987654,1654.9348519988614,16.745026326226853,513.1565432098765,hotday_all,Operator(op_24h_latest),25
1366.4180246913581,1698.0079510232783,17.444366473306303,716.0953086419753,hotday_all,Operator(op_24h_latest),26
1455.936913580247,1769.439707261407,18.767198495507692,937.6729629629631,hotday_all,Operator(op_24h_latest),27
1539.6656790123457,1857.1176540316583,20.055534227447282,1154.7274074074073,hotday_all,Operator(op_24h_latest),28
1645.341111111111,1981.6098693941365,21.60382539625408,1372.4304938271603,hotday_all,Operator(op_24h_latest),29
1818.3172839506174,2147.530712766193,23.962251301768468,1609.2943209876546,hotday_all,Operator(op_24h_latest),30
2023.3050617283952,2355.89234853383,26.73561824664358,1866.1260493827162,hotday_all,Operator(op_24h_latest),31
2207.3517283950614,2553.928208335563,29.277241504834112,2090.076419753086,hotday_all,Operator(op_24h_latest),32
2384.433703703704,2742.4112454600836,31.757796891403984,2292.933703703704,hotday_all,Operator(op_24h_latest),33
2491.4571604938274,2884.204396590565,33.406121277371845,2424.7448148148146,hotday_all,Operator(op_24h_latest),34
2589.0225925925924,3010.900148286121,34.98382844328912,2536.8366666666666,hotday_all,Operator(op_24h_latest),35
2547.5944444444444,2994.457139188304,34.80328036502041,2490.3391358024687,hotday_all,Operator(op_24h_latest),36
2476.692222222222,2937.4673175270404,34.15073528462593,2404.2569135802464,hotday_all,Operator(op_24h_latest),37
2323.6858024691355,2790.8405167763076,32.35293450796399,2219.8406172839505,hotday_all,Operator(op_24h_latest),38
2198.611728395062,2632.9249643204753,30.734231992001526,2016.6707407407405,hotday_all,Operator(op_24h_latest),39
2121.216913580247,2517.328981946324,29.6142886420228,1839.7872839506176,hotday_all,Operator(op_24h_latest),40
2050.8471604938272,2398.2383487679526,28.517241782975933,1660.6506172839504,hotday_all,Operator(op_24h_latest),41
1959.680617283951,2251.8853477532834,27.0126803616166,1417.9976543209877,hotday_all,Operator(op_24h_latest),42
1840.1290123456793,2079.5799777082834,25.043295492476737,1120.4006172839506,hotday_all,Operator(op_24h_latest),43
1755.838395061728,1961.8699479968307,23.5919447117927,898.0897530864198,hotday_all,Operator(op_24h_latest),44
1653.8602469135806,1849.7905416106166,21.852309923585803,633.3358024691358,hotday_all,Operator(op_24h_latest),45
1586.5517283950617,1790.3372782219997,20.61597489411289,419.1855555555554,hotday_all,Operator(op_24h_latest),46
1508.378024691358,1737.6454937346386,19.149337944240163,170.00493827160497,hotday_all,Operator(op_24h_latest),47
1446.4304938271605,1719.5270620205392,17.883445677762666,-78.0714814814814,hotday_all,Operator(op_24h_latest),48
